model,source_file,experiment_id,cumulative_depth_cm,continuous_damage,continuous_stress,fitting_method,depth_step_cm
advancedV1_multiscale_extratrees,VTEST_S00.csv,VTEST_S00,3.31667,80.0,0.0,hampel+savgol+pchip_dense,0.1
advancedV1_multiscale_extratrees,VTEST_S00.csv,VTEST_S00,3.41667,79.99999999999997,0.0,hampel+savgol+pchip_dense,0.1
advancedV1_multiscale_extratrees,VTEST_S00.csv,VTEST_S00,3.51667,79.99999999999997,0.0,hampel+savgol+pchip_dense,0.1
advancedV1_multiscale_extratrees,VTEST_S00.csv,VTEST_S00,3.61667,79.99999999999997,0.0,hampel+savgol+pchip_dense,0.1
advancedV1_multiscale_extratrees,VTEST_S00.csv,VTEST_S00,3.71667,79.99999999999997,0.0,hampel+savgol+pchip_dense,0.1
advancedV1_multiscale_extratrees,VTEST_S00.csv,VTEST_S00,3.8166700000000002,79.99999999999997,0.0,hampel+savgol+pchip_dense,0.1
advancedV1_multiscale_extratrees,VTEST_S00.csv,VTEST_S00,3.9166700000000003,79.99999999999997,0.0,hampel+savgol+pchip_dense,0.1
advancedV1_multiscale_extratrees,VTEST_S00.csv,VTEST_S00,4.01667,79.99999999999997,0.0,hampel+savgol+pchip_dense,0.1
advancedV1_multiscale_extratrees,VTEST_S00.csv,VTEST_S00,4.116670000000001,79.99999999999997,0.0,hampel+savgol+pchip_dense,0.1
advancedV1_multiscale_extratrees,VTEST_S00.csv,VTEST_S00,4.216670000000001,79.99999999999997,0.0,hampel+savgol+pchip_dense,0.1
advancedV1_multiscale_extratrees,VTEST_S00.csv,VTEST_S00,4.31667,79.99999999999997,0.0,hampel+savgol+pchip_dense,0.1
advancedV1_multiscale_extratrees,VTEST_S00.csv,VTEST_S00,4.416670000000001,79.99999999999997,0.0,hampel+savgol+pchip_dense,0.1
advancedV1_multiscale_extratrees,VTEST_S00.csv,VTEST_S00,4.516670000000001,79.99999999999997,0.0,hampel+savgol+pchip_dense,0.1
advancedV1_multiscale_extratrees,VTEST_S00.csv,VTEST_S00,4.616670000000001,79.99999999999997,0.0,hampel+savgol+pchip_dense,0.1
advancedV1_multiscale_extratrees,VTEST_S00.csv,VTEST_S00,4.716670000000001,79.99999999999997,0.0,hampel+savgol+pchip_dense,0.1
advancedV1_multiscale_extratrees,VTEST_S00.csv,VTEST_S00,4.816670000000001,79.99999999999997,0.0,hampel+savgol+pchip_dense,0.1
advancedV1_multiscale_extratrees,VTEST_S00.csv,VTEST_S00,4.916670000000002,79.99999999999997,0.0,hampel+savgol+pchip_dense,0.1
advancedV1_multiscale_extratrees,VTEST_S00.csv,VTEST_S00,5.016670000000001,79.99999999999997,0.0,hampel+savgol+pchip_dense,0.1
advancedV1_multiscale_extratrees,VTEST_S00.csv,VTEST_S00,5.116670000000001,79.99999999999997,0.0,hampel+savgol+pchip_dense,0.1
advancedV1_multiscale_extratrees,VTEST_S00.csv,VTEST_S00,5.2166700000000015,79.99999999999997,0.0,hampel+savgol+pchip_dense,0.1
advancedV1_multiscale_extratrees,VTEST_S00.csv,VTEST_S00,5.316670000000002,79.99999999999997,0.0,hampel+savgol+pchip_dense,0.1
advancedV1_multiscale_extratrees,VTEST_S00.csv,VTEST_S00,5.416670000000002,79.99999999999997,0.0,hampel+savgol+pchip_dense,0.1
advancedV1_multiscale_extratrees,VTEST_S00.csv,VTEST_S00,5.516670000000001,79.99999999999997,0.0,hampel+savgol+pchip_dense,0.1
advancedV1_multiscale_extratrees,VTEST_S00.csv,VTEST_S00,5.616670000000002,79.99999999999997,0.0,hampel+savgol+pchip_dense,0.1
advancedV1_multiscale_extratrees,VTEST_S00.csv,VTEST_S00,5.716670000000002,79.99999999999997,0.0,hampel+savgol+pchip_dense,0.1
advancedV1_multiscale_extratrees,VTEST_S00.csv,VTEST_S00,5.816670000000002,79.99999999999997,0.0,hampel+savgol+pchip_dense,0.1
advancedV1_multiscale_extratrees,VTEST_S00.csv,VTEST_S00,5.916670000000002,79.99999999999997,0.0,hampel+savgol+pchip_dense,0.1
advancedV1_multiscale_extratrees,VTEST_S00.csv,VTEST_S00,6.016670000000002,79.99999999999997,0.0,hampel+savgol+pchip_dense,0.1
advancedV1_multiscale_extratrees,VTEST_S00.csv,VTEST_S00,6.116670000000003,79.99999999999997,0.0,hampel+savgol+pchip_dense,0.1
advancedV1_multiscale_extratrees,VTEST_S00.csv,VTEST_S00,6.216670000000002,79.99999999999997,0.0,hampel+savgol+pchip_dense,0.1
advancedV1_multiscale_extratrees,VTEST_S00.csv,VTEST_S00,6.316670000000002,79.99999999999997,0.0,hampel+savgol+pchip_dense,0.1
advancedV1_multiscale_extratrees,VTEST_S00.csv,VTEST_S00,6.4166700000000025,79.99999999999997,0.0,hampel+savgol+pchip_dense,0.1
advancedV1_multiscale_extratrees,VTEST_S00.csv,VTEST_S00,6.516670000000003,79.99999999999997,0.0,hampel+savgol+pchip_dense,0.1
advancedV1_multiscale_extratrees,VTEST_S00.csv,VTEST_S00,6.616670000000003,79.99999999999997,0.0,hampel+savgol+pchip_dense,0.1
advancedV1_multiscale_extratrees,VTEST_S00.csv,VTEST_S00,6.716670000000002,79.99999999999991,0.0,hampel+savgol+pchip_dense,0.1
advancedV1_multiscale_extratrees,VTEST_S00.csv,VTEST_S00,6.816670000000003,79.99999999999997,0.0,hampel+savgol+pchip_dense,0.1
advancedV1_multiscale_extratrees,VTEST_S00.csv,VTEST_S00,6.916670000000003,79.99999999999991,0.0,hampel+savgol+pchip_dense,0.1
advancedV1_multiscale_extratrees,VTEST_S00.csv,VTEST_S00,7.016670000000003,79.99999999999997,0.0,hampel+savgol+pchip_dense,0.1
advancedV1_multiscale_extratrees,VTEST_S00.csv,VTEST_S00,7.116670000000003,79.99999999999997,0.0,hampel+savgol+pchip_dense,0.1
advancedV1_multiscale_extratrees,VTEST_S00.csv,VTEST_S00,7.216670000000003,79.99999999999997,0.0,hampel+savgol+pchip_dense,0.1
advancedV1_multiscale_extratrees,VTEST_S00.csv,VTEST_S00,7.316670000000004,79.99999999999997,0.0,hampel+savgol+pchip_dense,0.1
advancedV1_multiscale_extratrees,VTEST_S00.csv,VTEST_S00,7.416670000000003,79.99999999999997,0.0,hampel+savgol+pchip_dense,0.1
advancedV1_multiscale_extratrees,VTEST_S00.csv,VTEST_S00,7.516670000000003,79.99999999999997,0.0,hampel+savgol+pchip_dense,0.1
advancedV1_multiscale_extratrees,VTEST_S00.csv,VTEST_S00,7.6166700000000045,79.99999999999997,0.0,hampel+savgol+pchip_dense,0.1
advancedV1_multiscale_extratrees,VTEST_S00.csv,VTEST_S00,7.716670000000004,79.99999999999997,0.0,hampel+savgol+pchip_dense,0.1
advancedV1_multiscale_extratrees,VTEST_S00.csv,VTEST_S00,7.816670000000004,79.99999999999997,0.0,hampel+savgol+pchip_dense,0.1
advancedV1_multiscale_extratrees,VTEST_S00.csv,VTEST_S00,7.916670000000003,79.99999999999997,0.0,hampel+savgol+pchip_dense,0.1
advancedV1_multiscale_extratrees,VTEST_S00.csv,VTEST_S00,8.016670000000005,79.99999999999997,0.0,hampel+savgol+pchip_dense,0.1
advancedV1_multiscale_extratrees,VTEST_S00.csv,VTEST_S00,8.116670000000004,79.99999999999997,0.0,hampel+savgol+pchip_dense,0.1
advancedV1_multiscale_extratrees,VTEST_S00.csv,VTEST_S00,8.216670000000004,79.99999999999997,0.0,hampel+savgol+pchip_dense,0.1
advancedV1_multiscale_extratrees,VTEST_S00.csv,VTEST_S00,8.316670000000004,79.99999999999997,0.0,hampel+savgol+pchip_dense,0.1
advancedV1_multiscale_extratrees,VTEST_S00.csv,VTEST_S00,8.416670000000005,79.99999999999997,0.0,hampel+savgol+pchip_dense,0.1
advancedV1_multiscale_extratrees,VTEST_S00.csv,VTEST_S00,8.516670000000005,79.99999999999997,0.0,hampel+savgol+pchip_dense,0.1
advancedV1_multiscale_extratrees,VTEST_S00.csv,VTEST_S00,8.616670000000004,79.99999999999997,0.0,hampel+savgol+pchip_dense,0.1
advancedV1_multiscale_extratrees,VTEST_S00.csv,VTEST_S00,8.716670000000004,79.99999999999997,0.0,hampel+savgol+pchip_dense,0.1
advancedV1_multiscale_extratrees,VTEST_S00.csv,VTEST_S00,8.816670000000006,79.99999999999997,0.0,hampel+savgol+pchip_dense,0.1
advancedV1_multiscale_extratrees,VTEST_S00.csv,VTEST_S00,8.916670000000005,79.99999999999997,0.0,hampel+savgol+pchip_dense,0.1
advancedV1_multiscale_extratrees,VTEST_S00.csv,VTEST_S00,9.016670000000005,79.99999999999997,0.0,hampel+savgol+pchip_dense,0.1
advancedV1_multiscale_extratrees,VTEST_S00.csv,VTEST_S00,9.116670000000004,79.99999999999997,0.0,hampel+savgol+pchip_dense,0.1
advancedV1_multiscale_extratrees,VTEST_S00.csv,VTEST_S00,9.216670000000006,79.99999999999997,0.0,hampel+savgol+pchip_dense,0.1
advancedV1_multiscale_extratrees,VTEST_S00.csv,VTEST_S00,9.316670000000006,79.99999999999997,0.0,hampel+savgol+pchip_dense,0.1
advancedV1_multiscale_extratrees,VTEST_S00.csv,VTEST_S00,9.416670000000005,79.99999999999997,0.0,hampel+savgol+pchip_dense,0.1
advancedV1_multiscale_extratrees,VTEST_S00.csv,VTEST_S00,9.516670000000005,79.99999999999997,0.0,hampel+savgol+pchip_dense,0.1
advancedV1_multiscale_extratrees,VTEST_S00.csv,VTEST_S00,9.616670000000006,79.99999999999997,0.0,hampel+savgol+pchip_dense,0.1
advancedV1_multiscale_extratrees,VTEST_S00.csv,VTEST_S00,9.716670000000006,79.99999999999997,0.0,hampel+savgol+pchip_dense,0.1
advancedV1_multiscale_extratrees,VTEST_S00.csv,VTEST_S00,9.816670000000006,79.99999999999997,0.0,hampel+savgol+pchip_dense,0.1
advancedV1_multiscale_extratrees,VTEST_S00.csv,VTEST_S00,9.916670000000005,79.99999999999997,0.0,hampel+savgol+pchip_dense,0.1
advancedV1_multiscale_extratrees,VTEST_S00.csv,VTEST_S00,10.016670000000007,79.99999999999997,0.0,hampel+savgol+pchip_dense,0.1
advancedV1_multiscale_extratrees,VTEST_S00.csv,VTEST_S00,10.116670000000006,79.99999999999997,0.0,hampel+savgol+pchip_dense,0.1
advancedV1_multiscale_extratrees,VTEST_S00.csv,VTEST_S00,10.216670000000006,79.99999999999997,0.0,hampel+savgol+pchip_dense,0.1
advancedV1_multiscale_extratrees,VTEST_S00.csv,VTEST_S00,10.316670000000006,79.99999999999997,0.0,hampel+savgol+pchip_dense,0.1
advancedV1_multiscale_extratrees,VTEST_S00.csv,VTEST_S00,10.416670000000007,79.99999999999997,0.0,hampel+savgol+pchip_dense,0.1
advancedV1_multiscale_extratrees,VTEST_S00.csv,VTEST_S00,10.516670000000007,79.99999999999997,0.0,hampel+savgol+pchip_dense,0.1
advancedV1_multiscale_extratrees,VTEST_S00.csv,VTEST_S00,10.616670000000006,79.99999999999997,0.0,hampel+savgol+pchip_dense,0.1
advancedV1_multiscale_extratrees,VTEST_S00.csv,VTEST_S00,10.716670000000006,79.99999999999997,0.0,hampel+savgol+pchip_dense,0.1
advancedV1_multiscale_extratrees,VTEST_S00.csv,VTEST_S00,10.816670000000007,79.99999999999997,0.0,hampel+savgol+pchip_dense,0.1
advancedV1_multiscale_extratrees,VTEST_S00.csv,VTEST_S00,10.916670000000007,79.99999999999997,0.0,hampel+savgol+pchip_dense,0.1
advancedV1_multiscale_extratrees,VTEST_S00.csv,VTEST_S00,11.016670000000007,79.99999999999997,0.0,hampel+savgol+pchip_dense,0.1
advancedV1_multiscale_extratrees,VTEST_S00.csv,VTEST_S00,11.116670000000006,79.99999999999997,0.0,hampel+savgol+pchip_dense,0.1
advancedV1_multiscale_extratrees,VTEST_S00.csv,VTEST_S00,11.216670000000008,79.99999999999997,0.0,hampel+savgol+pchip_dense,0.1
advancedV1_multiscale_extratrees,VTEST_S00.csv,VTEST_S00,11.316670000000007,79.99999999999997,0.0,hampel+savgol+pchip_dense,0.1
advancedV1_multiscale_extratrees,VTEST_S00.csv,VTEST_S00,11.416670000000007,79.99999999999997,0.0,hampel+savgol+pchip_dense,0.1
advancedV1_multiscale_extratrees,VTEST_S00.csv,VTEST_S00,11.516670000000007,79.99999999999997,0.0,hampel+savgol+pchip_dense,0.1
advancedV1_multiscale_extratrees,VTEST_S00.csv,VTEST_S00,11.616670000000008,79.99999999999997,0.9743425348005963,hampel+savgol+pchip_dense,0.1
advancedV1_multiscale_extratrees,VTEST_S00.csv,VTEST_S00,11.716670000000008,79.99999999999997,9.99999999999999,hampel+savgol+pchip_dense,0.1
advancedV1_multiscale_extratrees,VTEST_S00.csv,VTEST_S00,11.816670000000007,79.99999999999994,9.99999999999999,hampel+savgol+pchip_dense,0.1
advancedV1_multiscale_extratrees,VTEST_S00.csv,VTEST_S00,11.916670000000009,79.99999999999997,9.99999999999999,hampel+savgol+pchip_dense,0.1
advancedV1_multiscale_extratrees,VTEST_S00.csv,VTEST_S00,12.016670000000008,79.99999999999997,9.99999999999999,hampel+savgol+pchip_dense,0.1
advancedV1_multiscale_extratrees,VTEST_S00.csv,VTEST_S00,12.116670000000008,79.99999999999997,9.99999999999999,hampel+savgol+pchip_dense,0.1
advancedV1_multiscale_extratrees,VTEST_S00.csv,VTEST_S00,12.216670000000008,79.99999999999997,9.99999999999999,hampel+savgol+pchip_dense,0.1
advancedV1_multiscale_extratrees,VTEST_S00.csv,VTEST_S00,12.316670000000007,79.99999999999997,9.99999999999999,hampel+savgol+pchip_dense,0.1
advancedV1_multiscale_extratrees,VTEST_S00.csv,VTEST_S00,12.416670000000009,79.99999999999997,9.99999999999999,hampel+savgol+pchip_dense,0.1
advancedV1_multiscale_extratrees,VTEST_S00.csv,VTEST_S00,12.516670000000008,79.99999999999997,9.99999999999999,hampel+savgol+pchip_dense,0.1
advancedV1_multiscale_extratrees,VTEST_S00.csv,VTEST_S00,12.616670000000008,79.99999999999997,9.99999999999999,hampel+savgol+pchip_dense,0.1
advancedV1_multiscale_extratrees,VTEST_S00.csv,VTEST_S00,12.71667000000001,79.99999999999997,9.99999999999999,hampel+savgol+pchip_dense,0.1
advancedV1_multiscale_extratrees,VTEST_S00.csv,VTEST_S00,12.816670000000009,79.99999999999997,9.99999999999999,hampel+savgol+pchip_dense,0.1
advancedV1_multiscale_extratrees,VTEST_S00.csv,VTEST_S00,12.916670000000009,79.99999999999997,9.999999999999993,hampel+savgol+pchip_dense,0.1
advancedV1_multiscale_extratrees,VTEST_S00.csv,VTEST_S00,13.016670000000008,79.99999999999997,9.999999999999993,hampel+savgol+pchip_dense,0.1
advancedV1_multiscale_extratrees,VTEST_S00.csv,VTEST_S00,13.116670000000008,79.99999999999997,9.999999999999993,hampel+savgol+pchip_dense,0.1
advancedV1_multiscale_extratrees,VTEST_S00.csv,VTEST_S00,13.21667000000001,79.99999999999997,9.999999999999993,hampel+savgol+pchip_dense,0.1
advancedV1_multiscale_extratrees,VTEST_S00.csv,VTEST_S00,13.316670000000009,79.99999999999997,9.99999999999999,hampel+savgol+pchip_dense,0.1
advancedV1_multiscale_extratrees,VTEST_S00.csv,VTEST_S00,13.416670000000009,79.99999999999997,9.99999999999999,hampel+savgol+pchip_dense,0.1
advancedV1_multiscale_extratrees,VTEST_S00.csv,VTEST_S00,13.51667000000001,79.99999999999997,9.99999999999999,hampel+savgol+pchip_dense,0.1
advancedV1_multiscale_extratrees,VTEST_S00.csv,VTEST_S00,13.61667000000001,79.99999999999997,9.99999999999999,hampel+savgol+pchip_dense,0.1
advancedV1_multiscale_extratrees,VTEST_S00.csv,VTEST_S00,13.71667000000001,79.99999999999997,9.999999999999993,hampel+savgol+pchip_dense,0.1
advancedV1_multiscale_extratrees,VTEST_S00.csv,VTEST_S00,13.816670000000009,79.99999999999997,9.99999999999999,hampel+savgol+pchip_dense,0.1
advancedV1_multiscale_extratrees,VTEST_S00.csv,VTEST_S00,13.916670000000009,79.99999999999997,9.99999999999999,hampel+savgol+pchip_dense,0.1
advancedV1_multiscale_extratrees,VTEST_S00.csv,VTEST_S00,14.01667000000001,79.99999999999997,9.99999999999999,hampel+savgol+pchip_dense,0.1
advancedV1_multiscale_extratrees,VTEST_S00.csv,VTEST_S00,14.11667000000001,79.99999999999997,9.99999999999999,hampel+savgol+pchip_dense,0.1
advancedV1_multiscale_extratrees,VTEST_S00.csv,VTEST_S00,14.21667000000001,79.99999999999997,9.99999999999999,hampel+savgol+pchip_dense,0.1
advancedV1_multiscale_extratrees,VTEST_S00.csv,VTEST_S00,14.31667000000001,79.99999999999997,9.99999999999999,hampel+savgol+pchip_dense,0.1
advancedV1_multiscale_extratrees,VTEST_S00.csv,VTEST_S00,14.41667000000001,79.99999999999997,9.99999999999999,hampel+savgol+pchip_dense,0.1
advancedV1_multiscale_extratrees,VTEST_S00.csv,VTEST_S00,14.51667000000001,79.99999999999997,9.99999999999999,hampel+savgol+pchip_dense,0.1
advancedV1_multiscale_extratrees,VTEST_S00.csv,VTEST_S00,14.61667000000001,79.99999999999997,9.99999999999999,hampel+savgol+pchip_dense,0.1
advancedV1_multiscale_extratrees,VTEST_S00.csv,VTEST_S00,14.71667000000001,79.99999999999997,9.99999999999999,hampel+savgol+pchip_dense,0.1
advancedV1_multiscale_extratrees,VTEST_S00.csv,VTEST_S00,14.81667000000001,79.99999999999997,2.618545562273287,hampel+savgol+pchip_dense,0.1
advancedV1_multiscale_extratrees,VTEST_S00.csv,VTEST_S00,14.91667000000001,79.99999999999997,0.0,hampel+savgol+pchip_dense,0.1
advancedV1_multiscale_extratrees,VTEST_S00.csv,VTEST_S00,15.01667000000001,79.99999999999997,0.0,hampel+savgol+pchip_dense,0.1
advancedV1_multiscale_extratrees,VTEST_S00.csv,VTEST_S00,15.116670000000012,79.99999999999997,0.0,hampel+savgol+pchip_dense,0.1
advancedV1_multiscale_extratrees,VTEST_S00.csv,VTEST_S00,15.216670000000011,79.99999999999997,0.0,hampel+savgol+pchip_dense,0.1
advancedV1_multiscale_extratrees,VTEST_S00.csv,VTEST_S00,15.31667000000001,79.99999999999997,0.0,hampel+savgol+pchip_dense,0.1
advancedV1_multiscale_extratrees,VTEST_S00.csv,VTEST_S00,15.41667000000001,79.99999999999997,0.0,hampel+savgol+pchip_dense,0.1
advancedV1_multiscale_extratrees,VTEST_S00.csv,VTEST_S00,15.51667000000001,79.99999999999997,0.0,hampel+savgol+pchip_dense,0.1
advancedV1_multiscale_extratrees,VTEST_S00.csv,VTEST_S00,15.616670000000012,79.99999999999997,0.0,hampel+savgol+pchip_dense,0.1
advancedV1_multiscale_extratrees,VTEST_S00.csv,VTEST_S00,15.716670000000011,79.99999999999997,0.0,hampel+savgol+pchip_dense,0.1
advancedV1_multiscale_extratrees,VTEST_S00.csv,VTEST_S00,15.81667000000001,79.99999999999997,0.0,hampel+savgol+pchip_dense,0.1
advancedV1_multiscale_extratrees,VTEST_S00.csv,VTEST_S00,15.916670000000012,79.99999999999997,0.0,hampel+savgol+pchip_dense,0.1
advancedV1_multiscale_extratrees,VTEST_S00.csv,VTEST_S00,16.016670000000012,79.99999999999997,0.0,hampel+savgol+pchip_dense,0.1
advancedV1_multiscale_extratrees,VTEST_S00.csv,VTEST_S00,16.11667000000001,79.99999999999997,0.0,hampel+savgol+pchip_dense,0.1
advancedV1_multiscale_extratrees,VTEST_S00.csv,VTEST_S00,16.21667000000001,79.99999999999997,0.0,hampel+savgol+pchip_dense,0.1
advancedV1_multiscale_extratrees,VTEST_S00.csv,VTEST_S00,16.31667000000001,79.99999999999997,0.0,hampel+savgol+pchip_dense,0.1
advancedV1_multiscale_extratrees,VTEST_S00.csv,VTEST_S00,16.41667000000001,79.99999999999997,0.0,hampel+savgol+pchip_dense,0.1
advancedV1_multiscale_extratrees,VTEST_S00.csv,VTEST_S00,16.516670000000012,79.99999999999997,0.0,hampel+savgol+pchip_dense,0.1
advancedV1_multiscale_extratrees,VTEST_S00.csv,VTEST_S00,16.61667000000001,79.99999999999997,0.0,hampel+savgol+pchip_dense,0.1
advancedV1_multiscale_extratrees,VTEST_S00.csv,VTEST_S00,16.71667000000001,79.99999999999997,0.0,hampel+savgol+pchip_dense,0.1
advancedV1_multiscale_extratrees,VTEST_S00.csv,VTEST_S00,16.816670000000013,79.99999999999997,0.0,hampel+savgol+pchip_dense,0.1
advancedV1_multiscale_extratrees,VTEST_S00.csv,VTEST_S00,16.91667000000001,79.99999999999997,0.0,hampel+savgol+pchip_dense,0.1
advancedV1_multiscale_extratrees,VTEST_S00.csv,VTEST_S00,17.016670000000012,79.99999999999997,0.0,hampel+savgol+pchip_dense,0.1
advancedV1_multiscale_extratrees,VTEST_S00.csv,VTEST_S00,17.11667000000001,79.99999999999997,0.0,hampel+savgol+pchip_dense,0.1
advancedV1_multiscale_extratrees,VTEST_S00.csv,VTEST_S00,17.21667000000001,79.99999999999997,0.0,hampel+savgol+pchip_dense,0.1
advancedV1_multiscale_extratrees,VTEST_S00.csv,VTEST_S00,17.316670000000013,79.99999999999997,0.0,hampel+savgol+pchip_dense,0.1
advancedV1_multiscale_extratrees,VTEST_S00.csv,VTEST_S00,17.41667000000001,79.99999999999997,0.0,hampel+savgol+pchip_dense,0.1
advancedV1_multiscale_extratrees,VTEST_S00.csv,VTEST_S00,17.516670000000012,79.99999999999997,0.0,hampel+savgol+pchip_dense,0.1
advancedV1_multiscale_extratrees,VTEST_S00.csv,VTEST_S00,17.616670000000013,79.99999999999997,0.0,hampel+savgol+pchip_dense,0.1
advancedV1_multiscale_extratrees,VTEST_S00.csv,VTEST_S00,17.71667000000001,79.99999999999997,0.0,hampel+savgol+pchip_dense,0.1
advancedV1_multiscale_extratrees,VTEST_S00.csv,VTEST_S00,17.816670000000013,79.99999999999997,0.0,hampel+savgol+pchip_dense,0.1
advancedV1_multiscale_extratrees,VTEST_S00.csv,VTEST_S00,17.91667000000001,79.99999999999997,0.0,hampel+savgol+pchip_dense,0.1
advancedV1_multiscale_extratrees,VTEST_S00.csv,VTEST_S00,18.016670000000012,79.99999999999997,0.0,hampel+savgol+pchip_dense,0.1
advancedV1_multiscale_extratrees,VTEST_S00.csv,VTEST_S00,18.116670000000013,79.99999999999997,0.0,hampel+savgol+pchip_dense,0.1
advancedV1_multiscale_extratrees,VTEST_S00.csv,VTEST_S00,18.21667000000001,79.99999999999997,0.0,hampel+savgol+pchip_dense,0.1
advancedV1_multiscale_extratrees,VTEST_S00.csv,VTEST_S00,18.316670000000013,79.99999999999997,0.0,hampel+savgol+pchip_dense,0.1
advancedV1_multiscale_extratrees,VTEST_S00.csv,VTEST_S00,18.416670000000014,79.99999999999997,0.0,hampel+savgol+pchip_dense,0.1
advancedV1_multiscale_extratrees,VTEST_S00.csv,VTEST_S00,18.516670000000012,79.99999999999997,0.0,hampel+savgol+pchip_dense,0.1
advancedV1_multiscale_extratrees,VTEST_S00.csv,VTEST_S00,18.616670000000013,79.99999999999997,0.0,hampel+savgol+pchip_dense,0.1
advancedV1_multiscale_extratrees,VTEST_S00.csv,VTEST_S00,18.71667000000001,79.99999999999997,0.0,hampel+savgol+pchip_dense,0.1
advancedV1_multiscale_extratrees,VTEST_S00.csv,VTEST_S00,18.816670000000013,79.99999999999997,0.0,hampel+savgol+pchip_dense,0.1
advancedV1_multiscale_extratrees,VTEST_S00.csv,VTEST_S00,18.916670000000014,79.99999999999997,0.0,hampel+savgol+pchip_dense,0.1
advancedV1_multiscale_extratrees,VTEST_S00.csv,VTEST_S00,19.016670000000012,79.99999999999997,0.0,hampel+savgol+pchip_dense,0.1
advancedV1_multiscale_extratrees,VTEST_S00.csv,VTEST_S00,19.116670000000013,79.99999999999997,0.0,hampel+savgol+pchip_dense,0.1
advancedV1_multiscale_extratrees,VTEST_S00.csv,VTEST_S00,19.216670000000015,79.99999999999997,0.0,hampel+savgol+pchip_dense,0.1
advancedV1_multiscale_extratrees,VTEST_S00.csv,VTEST_S00,19.316670000000013,79.99999999999997,0.0,hampel+savgol+pchip_dense,0.1
advancedV1_multiscale_extratrees,VTEST_S00.csv,VTEST_S00,19.416670000000014,79.99999999999997,0.0,hampel+savgol+pchip_dense,0.1
advancedV1_multiscale_extratrees,VTEST_S00.csv,VTEST_S00,19.516670000000012,79.99999999999997,0.0,hampel+savgol+pchip_dense,0.1
advancedV1_multiscale_extratrees,VTEST_S00.csv,VTEST_S00,19.616670000000013,79.99999999999997,0.0,hampel+savgol+pchip_dense,0.1
advancedV1_multiscale_extratrees,VTEST_S00.csv,VTEST_S00,19.71667000000001,79.99999999999997,0.0,hampel+savgol+pchip_dense,0.1
advancedV1_multiscale_extratrees,VTEST_S00.csv,VTEST_S00,19.816670000000013,79.99999999999997,0.0,hampel+savgol+pchip_dense,0.1
advancedV1_multiscale_extratrees,VTEST_S00.csv,VTEST_S00,19.916670000000014,79.99999999999997,0.0,hampel+savgol+pchip_dense,0.1
advancedV1_multiscale_extratrees,VTEST_S00.csv,VTEST_S00,20.016670000000012,79.99999999999997,0.0,hampel+savgol+pchip_dense,0.1
advancedV1_multiscale_extratrees,VTEST_S00.csv,VTEST_S00,20.116670000000013,79.99999999999997,0.0,hampel+savgol+pchip_dense,0.1
advancedV1_multiscale_extratrees,VTEST_S00.csv,VTEST_S00,20.216670000000015,79.99999999999997,0.0,hampel+savgol+pchip_dense,0.1
advancedV1_multiscale_extratrees,VTEST_S00.csv,VTEST_S00,20.316670000000013,79.99999999999997,0.0,hampel+savgol+pchip_dense,0.1
advancedV1_multiscale_extratrees,VTEST_S00.csv,VTEST_S00,20.416670000000014,79.99999999999997,0.0,hampel+savgol+pchip_dense,0.1
advancedV1_multiscale_extratrees,VTEST_S00.csv,VTEST_S00,20.516670000000016,79.99999999999991,0.0,hampel+savgol+pchip_dense,0.1
advancedV1_multiscale_extratrees,VTEST_S00.csv,VTEST_S00,20.616670000000013,79.99999999999991,0.0,hampel+savgol+pchip_dense,0.1
advancedV1_multiscale_extratrees,VTEST_S00.csv,VTEST_S00,20.716670000000015,79.99999999999997,0.0,hampel+savgol+pchip_dense,0.1
advancedV1_multiscale_extratrees,VTEST_S00.csv,VTEST_S00,20.816670000000013,79.99999999999997,0.0,hampel+savgol+pchip_dense,0.1
advancedV1_multiscale_extratrees,VTEST_S00.csv,VTEST_S00,20.916670000000014,79.99999999999997,0.0,hampel+savgol+pchip_dense,0.1
advancedV1_multiscale_extratrees,VTEST_S00.csv,VTEST_S00,21.016670000000016,79.99999999999997,0.0,hampel+savgol+pchip_dense,0.1
advancedV1_multiscale_extratrees,VTEST_S00.csv,VTEST_S00,21.116670000000013,79.99999999999997,0.0,hampel+savgol+pchip_dense,0.1
advancedV1_multiscale_extratrees,VTEST_S00.csv,VTEST_S00,21.216670000000015,79.99999999999997,0.0,hampel+savgol+pchip_dense,0.1
advancedV1_multiscale_extratrees,VTEST_S00.csv,VTEST_S00,21.316670000000013,79.99999999999997,0.0,hampel+savgol+pchip_dense,0.1
advancedV1_multiscale_extratrees,VTEST_S00.csv,VTEST_S00,21.416670000000014,79.99999999999997,0.0,hampel+savgol+pchip_dense,0.1
advancedV1_multiscale_extratrees,VTEST_S00.csv,VTEST_S00,21.516670000000016,79.99999999999997,0.0,hampel+savgol+pchip_dense,0.1
advancedV1_multiscale_extratrees,VTEST_S00.csv,VTEST_S00,21.616670000000013,79.99999999999997,0.0,hampel+savgol+pchip_dense,0.1
advancedV1_multiscale_extratrees,VTEST_S00.csv,VTEST_S00,21.716670000000015,79.99999999999997,0.0,hampel+savgol+pchip_dense,0.1
advancedV1_multiscale_extratrees,VTEST_S00.csv,VTEST_S00,21.816670000000016,79.99999999999997,0.0,hampel+savgol+pchip_dense,0.1
advancedV1_multiscale_extratrees,VTEST_S00.csv,VTEST_S00,21.916670000000014,79.99999999999997,0.0,hampel+savgol+pchip_dense,0.1
advancedV1_multiscale_extratrees,VTEST_S00.csv,VTEST_S00,22.016670000000016,79.99999999999997,0.0,hampel+savgol+pchip_dense,0.1
advancedV1_multiscale_extratrees,VTEST_S00.csv,VTEST_S00,22.116670000000017,79.99999999999997,0.0,hampel+savgol+pchip_dense,0.1
advancedV1_multiscale_extratrees,VTEST_S00.csv,VTEST_S00,22.216670000000015,79.99999999999997,0.0,hampel+savgol+pchip_dense,0.1
advancedV1_multiscale_extratrees,VTEST_S00.csv,VTEST_S00,22.316670000000016,79.99999999999997,0.0,hampel+savgol+pchip_dense,0.1
advancedV1_multiscale_extratrees,VTEST_S00.csv,VTEST_S00,22.416670000000014,79.99999999999997,0.0,hampel+savgol+pchip_dense,0.1
advancedV1_multiscale_extratrees,VTEST_S00.csv,VTEST_S00,22.516670000000016,79.99999999999997,0.0,hampel+savgol+pchip_dense,0.1
advancedV1_multiscale_extratrees,VTEST_S00.csv,VTEST_S00,22.616670000000017,79.99999999999997,0.0,hampel+savgol+pchip_dense,0.1
advancedV1_multiscale_extratrees,VTEST_S00.csv,VTEST_S00,22.716670000000015,79.99999999999997,0.0,hampel+savgol+pchip_dense,0.1
advancedV1_multiscale_extratrees,VTEST_S00.csv,VTEST_S00,22.816670000000016,79.99999999999997,0.0,hampel+savgol+pchip_dense,0.1
advancedV1_multiscale_extratrees,VTEST_S00.csv,VTEST_S00,22.916670000000014,79.99999999999997,0.0,hampel+savgol+pchip_dense,0.1
advancedV1_multiscale_extratrees,VTEST_S00.csv,VTEST_S00,23.016670000000016,79.99999999999997,0.0,hampel+savgol+pchip_dense,0.1
advancedV1_multiscale_extratrees,VTEST_S00.csv,VTEST_S00,23.116670000000017,79.99999999999997,0.0,hampel+savgol+pchip_dense,0.1
advancedV1_multiscale_extratrees,VTEST_S00.csv,VTEST_S00,23.216670000000015,79.99999999999997,0.0,hampel+savgol+pchip_dense,0.1
advancedV1_multiscale_extratrees,VTEST_S00.csv,VTEST_S00,23.316670000000016,79.99999999999997,0.0,hampel+savgol+pchip_dense,0.1
advancedV1_multiscale_extratrees,VTEST_S00.csv,VTEST_S00,23.416670000000018,79.99999999999997,0.0,hampel+savgol+pchip_dense,0.1
advancedV1_multiscale_extratrees,VTEST_S00.csv,VTEST_S00,23.516670000000016,79.99999999999997,0.0,hampel+savgol+pchip_dense,0.1
advancedV1_multiscale_extratrees,VTEST_S00.csv,VTEST_S00,23.616670000000017,79.99999999999997,0.0,hampel+savgol+pchip_dense,0.1
advancedV1_multiscale_extratrees,VTEST_S00.csv,VTEST_S00,23.71667000000002,79.99999999999997,0.0,hampel+savgol+pchip_dense,0.1
advancedV1_multiscale_extratrees,VTEST_S00.csv,VTEST_S00,23.816670000000016,79.99999999999997,0.0,hampel+savgol+pchip_dense,0.1
advancedV1_multiscale_extratrees,VTEST_S00.csv,VTEST_S00,23.916670000000018,79.99999999999997,0.0,hampel+savgol+pchip_dense,0.1
advancedV1_multiscale_extratrees,VTEST_S00.csv,VTEST_S00,24.016670000000016,79.99999999999997,0.0,hampel+savgol+pchip_dense,0.1
advancedV1_multiscale_extratrees,VTEST_S00.csv,VTEST_S00,24.116670000000017,79.99999999999997,0.0,hampel+savgol+pchip_dense,0.1
advancedV1_multiscale_extratrees,VTEST_S00.csv,VTEST_S00,24.21667000000002,79.99999999999997,0.0,hampel+savgol+pchip_dense,0.1
advancedV1_multiscale_extratrees,VTEST_S00.csv,VTEST_S00,24.316670000000016,79.99999999999997,0.0,hampel+savgol+pchip_dense,0.1
advancedV1_multiscale_extratrees,VTEST_S00.csv,VTEST_S00,24.416670000000018,79.99999999999997,0.0,hampel+savgol+pchip_dense,0.1
advancedV1_multiscale_extratrees,VTEST_S00.csv,VTEST_S00,24.516670000000016,79.99999999999997,0.0,hampel+savgol+pchip_dense,0.1
advancedV1_multiscale_extratrees,VTEST_S00.csv,VTEST_S00,24.616670000000017,79.99999999999997,0.0,hampel+savgol+pchip_dense,0.1
advancedV1_multiscale_extratrees,VTEST_S00.csv,VTEST_S00,24.71667000000002,79.99999999999997,0.0,hampel+savgol+pchip_dense,0.1
advancedV1_multiscale_extratrees,VTEST_S00.csv,VTEST_S00,24.816670000000016,79.99999999999997,0.0,hampel+savgol+pchip_dense,0.1
advancedV1_multiscale_extratrees,VTEST_S00.csv,VTEST_S00,24.916670000000018,79.99999999999997,0.0,hampel+savgol+pchip_dense,0.1
advancedV1_multiscale_extratrees,VTEST_S00.csv,VTEST_S00,25.01667000000002,79.99999999999993,0.0,hampel+savgol+pchip_dense,0.1
advancedV1_multiscale_extratrees,VTEST_S00.csv,VTEST_S00,25.116670000000017,79.99999999999993,0.0,hampel+savgol+pchip_dense,0.1
advancedV1_multiscale_extratrees,VTEST_S00.csv,VTEST_S00,25.21667000000002,79.99999999999993,0.0,hampel+savgol+pchip_dense,0.1
advancedV1_multiscale_extratrees,VTEST_S00.csv,VTEST_S00,25.31667000000002,79.99999999999993,0.0,hampel+savgol+pchip_dense,0.1
advancedV1_multiscale_extratrees,VTEST_S00.csv,VTEST_S00,25.416670000000018,79.99999999999994,0.0,hampel+savgol+pchip_dense,0.1
advancedV1_multiscale_extratrees,VTEST_S00.csv,VTEST_S00,25.51667000000002,79.99999999999994,0.0,hampel+savgol+pchip_dense,0.1
advancedV1_multiscale_extratrees,VTEST_S00.csv,VTEST_S00,25.616670000000017,79.99999999999994,0.0,hampel+savgol+pchip_dense,0.1
advancedV1_multiscale_extratrees,VTEST_S00.csv,VTEST_S00,25.71667000000002,79.99999999999994,0.0,hampel+savgol+pchip_dense,0.1
advancedV1_multiscale_extratrees,VTEST_S00.csv,VTEST_S00,25.81667000000002,79.99999999999994,0.0,hampel+savgol+pchip_dense,0.1
advancedV1_multiscale_extratrees,VTEST_S00.csv,VTEST_S00,25.916670000000018,79.99999999999994,0.0,hampel+savgol+pchip_dense,0.1
advancedV1_multiscale_extratrees,VTEST_S00.csv,VTEST_S00,26.01667000000002,79.99999999999994,0.0,hampel+savgol+pchip_dense,0.1
advancedV1_multiscale_extratrees,VTEST_S00.csv,VTEST_S00,26.116670000000017,79.99999999999994,0.0,hampel+savgol+pchip_dense,0.1
advancedV1_multiscale_extratrees,VTEST_S00.csv,VTEST_S00,26.21667000000002,79.99999999999994,0.0,hampel+savgol+pchip_dense,0.1
advancedV1_multiscale_extratrees,VTEST_S00.csv,VTEST_S00,26.31667000000002,79.99999999999994,0.0,hampel+savgol+pchip_dense,0.1
advancedV1_multiscale_extratrees,VTEST_S00.csv,VTEST_S00,26.416670000000018,79.99999999999993,0.0,hampel+savgol+pchip_dense,0.1
advancedV1_multiscale_extratrees,VTEST_S00.csv,VTEST_S00,26.51667000000002,79.99999999999993,0.0,hampel+savgol+pchip_dense,0.1
advancedV1_multiscale_extratrees,VTEST_S00.csv,VTEST_S00,26.61667000000002,79.99999999999993,0.0,hampel+savgol+pchip_dense,0.1
advancedV1_multiscale_extratrees,VTEST_S00.csv,VTEST_S00,26.71667000000002,79.99999999999993,0.0,hampel+savgol+pchip_dense,0.1
advancedV1_multiscale_extratrees,VTEST_S00.csv,VTEST_S00,26.81667000000002,79.99999999999993,0.0,hampel+savgol+pchip_dense,0.1
advancedV1_multiscale_extratrees,VTEST_S00.csv,VTEST_S00,26.91667000000002,79.99999999999997,0.0,hampel+savgol+pchip_dense,0.1
advancedV1_multiscale_extratrees,VTEST_S00.csv,VTEST_S00,27.01667000000002,79.99999999999997,0.0,hampel+savgol+pchip_dense,0.1
advancedV1_multiscale_extratrees,VTEST_S00.csv,VTEST_S00,27.11667000000002,79.99999999999997,0.0,hampel+savgol+pchip_dense,0.1
advancedV1_multiscale_extratrees,VTEST_S00.csv,VTEST_S00,27.21667000000002,79.99999999999997,0.0,hampel+savgol+pchip_dense,0.1
advancedV1_multiscale_extratrees,VTEST_S00.csv,VTEST_S00,27.31667000000002,79.30392376463242,0.0,hampel+savgol+pchip_dense,0.1
advancedV1_multiscale_extratrees,VTEST_S00.csv,VTEST_S00,27.41667000000002,59.999999999999986,0.0,hampel+savgol+pchip_dense,0.1
advancedV1_multiscale_extratrees,VTEST_S00.csv,VTEST_S00,27.51667000000002,59.999999999999986,0.0,hampel+savgol+pchip_dense,0.1
advancedV1_multiscale_extratrees,VTEST_S00.csv,VTEST_S00,27.61667000000002,59.99999999999998,0.0,hampel+savgol+pchip_dense,0.1
advancedV1_multiscale_extratrees,VTEST_S00.csv,VTEST_S00,27.71667000000002,59.999999999999986,0.0,hampel+savgol+pchip_dense,0.1
advancedV1_multiscale_extratrees,VTEST_S00.csv,VTEST_S00,27.81667000000002,59.99999999999995,0.0,hampel+savgol+pchip_dense,0.1
advancedV1_multiscale_extratrees,VTEST_S00.csv,VTEST_S00,27.91667000000002,59.99999999999995,0.0,hampel+savgol+pchip_dense,0.1
advancedV1_multiscale_extratrees,VTEST_S00.csv,VTEST_S00,28.01667000000002,59.99999999999995,0.0,hampel+savgol+pchip_dense,0.1
advancedV1_multiscale_extratrees,VTEST_S00.csv,VTEST_S00,28.11667000000002,59.99999999999995,0.0,hampel+savgol+pchip_dense,0.1
advancedV1_multiscale_extratrees,VTEST_S00.csv,VTEST_S00,28.216670000000022,59.99999999999995,0.0,hampel+savgol+pchip_dense,0.1
advancedV1_multiscale_extratrees,VTEST_S00.csv,VTEST_S00,28.31667000000002,59.99999999999997,0.0,hampel+savgol+pchip_dense,0.1
advancedV1_multiscale_extratrees,VTEST_S00.csv,VTEST_S00,28.41667000000002,59.99999999999997,0.0,hampel+savgol+pchip_dense,0.1
advancedV1_multiscale_extratrees,VTEST_S00.csv,VTEST_S00,28.516670000000023,59.999999999999986,0.0,hampel+savgol+pchip_dense,0.1
advancedV1_multiscale_extratrees,VTEST_S00.csv,VTEST_S00,28.61667000000002,59.999999999999986,0.0,hampel+savgol+pchip_dense,0.1
advancedV1_multiscale_extratrees,VTEST_S00.csv,VTEST_S00,28.716670000000022,59.999999999999986,0.0,hampel+savgol+pchip_dense,0.1
advancedV1_multiscale_extratrees,VTEST_S00.csv,VTEST_S00,28.81667000000002,59.999999999999986,0.0,hampel+savgol+pchip_dense,0.1
advancedV1_multiscale_extratrees,VTEST_S00.csv,VTEST_S00,28.91667000000002,59.999999999999986,0.0,hampel+savgol+pchip_dense,0.1
advancedV1_multiscale_extratrees,VTEST_S00.csv,VTEST_S00,29.016670000000023,59.999999999999986,0.0,hampel+savgol+pchip_dense,0.1
advancedV1_multiscale_extratrees,VTEST_S00.csv,VTEST_S00,29.11667000000002,59.999999999999986,0.0,hampel+savgol+pchip_dense,0.1
advancedV1_multiscale_extratrees,VTEST_S00.csv,VTEST_S00,29.216670000000022,59.999999999999986,0.0,hampel+savgol+pchip_dense,0.1
advancedV1_multiscale_extratrees,VTEST_S00.csv,VTEST_S00,29.31667000000002,59.999999999999986,0.0,hampel+savgol+pchip_dense,0.1
advancedV1_multiscale_extratrees,VTEST_S00.csv,VTEST_S00,29.41667000000002,59.999999999999986,0.0,hampel+savgol+pchip_dense,0.1
advancedV1_multiscale_extratrees,VTEST_S00.csv,VTEST_S00,29.516670000000023,59.999999999999986,0.0,hampel+savgol+pchip_dense,0.1
advancedV1_multiscale_extratrees,VTEST_S00.csv,VTEST_S00,29.61667000000002,59.999999999999986,0.0,hampel+savgol+pchip_dense,0.1
advancedV1_multiscale_extratrees,VTEST_S00.csv,VTEST_S00,29.716670000000022,59.999999999999986,0.0,hampel+savgol+pchip_dense,0.1
advancedV1_multiscale_extratrees,VTEST_S00.csv,VTEST_S00,29.816670000000023,59.999999999999986,0.0,hampel+savgol+pchip_dense,0.1
advancedV1_multiscale_extratrees,VTEST_S00.csv,VTEST_S00,29.91667000000002,59.999999999999986,0.0,hampel+savgol+pchip_dense,0.1
advancedV1_multiscale_extratrees,VTEST_S00.csv,VTEST_S00,30.016670000000023,59.999999999999986,0.0,hampel+savgol+pchip_dense,0.1
advancedV1_multiscale_extratrees,VTEST_S00.csv,VTEST_S00,30.116670000000024,59.999999999999986,0.0,hampel+savgol+pchip_dense,0.1
advancedV1_multiscale_extratrees,VTEST_S00.csv,VTEST_S00,30.216670000000022,59.999999999999986,0.0,hampel+savgol+pchip_dense,0.1
advancedV1_multiscale_extratrees,VTEST_S00.csv,VTEST_S00,30.316670000000023,59.999999999999986,0.0,hampel+savgol+pchip_dense,0.1
advancedV1_multiscale_extratrees,VTEST_S00.csv,VTEST_S00,30.41667000000002,59.999999999999986,0.0,hampel+savgol+pchip_dense,0.1
advancedV1_multiscale_extratrees,VTEST_S00.csv,VTEST_S00,30.516670000000023,59.999999999999986,0.0,hampel+savgol+pchip_dense,0.1
advancedV1_multiscale_extratrees,VTEST_S00.csv,VTEST_S00,30.616670000000024,59.999999999999986,0.0,hampel+savgol+pchip_dense,0.1
advancedV1_multiscale_extratrees,VTEST_S00.csv,VTEST_S00,30.716670000000022,59.999999999999986,0.0,hampel+savgol+pchip_dense,0.1
advancedV1_multiscale_extratrees,VTEST_S00.csv,VTEST_S00,30.816670000000023,59.999999999999986,0.0,hampel+savgol+pchip_dense,0.1
advancedV1_multiscale_extratrees,VTEST_S00.csv,VTEST_S00,30.91667000000002,59.999999999999986,0.0,hampel+savgol+pchip_dense,0.1
advancedV1_multiscale_extratrees,VTEST_S00.csv,VTEST_S00,31.016670000000023,59.999999999999986,0.0,hampel+savgol+pchip_dense,0.1
advancedV1_multiscale_extratrees,VTEST_S00.csv,VTEST_S00,31.116670000000024,59.999999999999986,0.0,hampel+savgol+pchip_dense,0.1
advancedV1_multiscale_extratrees,VTEST_S00.csv,VTEST_S00,31.216670000000022,59.999999999999986,0.0,hampel+savgol+pchip_dense,0.1
advancedV1_multiscale_extratrees,VTEST_S00.csv,VTEST_S00,31.316670000000023,59.999999999999986,0.0,hampel+savgol+pchip_dense,0.1
advancedV1_multiscale_extratrees,VTEST_S00.csv,VTEST_S00,31.416670000000025,59.999999999999986,0.0,hampel+savgol+pchip_dense,0.1
advancedV1_multiscale_extratrees,VTEST_S00.csv,VTEST_S00,31.516670000000023,59.999999999999986,0.0,hampel+savgol+pchip_dense,0.1
advancedV1_multiscale_extratrees,VTEST_S00.csv,VTEST_S00,31.616670000000024,59.999999999999986,0.0,hampel+savgol+pchip_dense,0.1
advancedV1_multiscale_extratrees,VTEST_S00.csv,VTEST_S00,31.716670000000025,59.999999999999986,0.0,hampel+savgol+pchip_dense,0.1
advancedV1_multiscale_extratrees,VTEST_S00.csv,VTEST_S00,31.816670000000023,59.999999999999986,0.0,hampel+savgol+pchip_dense,0.1
advancedV1_multiscale_extratrees,VTEST_S00.csv,VTEST_S00,31.916670000000025,59.999999999999986,0.0,hampel+savgol+pchip_dense,0.1
advancedV1_multiscale_extratrees,VTEST_S00.csv,VTEST_S00,32.016670000000026,59.999999999999986,0.0,hampel+savgol+pchip_dense,0.1
advancedV1_multiscale_extratrees,VTEST_S00.csv,VTEST_S00,32.11667000000003,59.999999999999986,0.0,hampel+savgol+pchip_dense,0.1
advancedV1_multiscale_extratrees,VTEST_S00.csv,VTEST_S00,32.21667000000003,59.999999999999986,0.0,hampel+savgol+pchip_dense,0.1
advancedV1_multiscale_extratrees,VTEST_S00.csv,VTEST_S00,32.31667000000002,59.999999999999986,0.0,hampel+savgol+pchip_dense,0.1
advancedV1_multiscale_extratrees,VTEST_S00.csv,VTEST_S00,32.416670000000025,59.999999999999986,0.0,hampel+savgol+pchip_dense,0.1
advancedV1_multiscale_extratrees,VTEST_S00.csv,VTEST_S00,32.516670000000026,59.999999999999986,0.0,hampel+savgol+pchip_dense,0.1
advancedV1_multiscale_extratrees,VTEST_S00.csv,VTEST_S00,32.61667000000003,59.999999999999986,0.0,hampel+savgol+pchip_dense,0.1
advancedV1_multiscale_extratrees,VTEST_S00.csv,VTEST_S00,32.71667000000003,59.999999999999986,0.0,hampel+savgol+pchip_dense,0.1
advancedV1_multiscale_extratrees,VTEST_S00.csv,VTEST_S00,32.81667000000002,59.999999999999986,0.0,hampel+savgol+pchip_dense,0.1
advancedV1_multiscale_extratrees,VTEST_S00.csv,VTEST_S00,32.916670000000025,59.999999999999986,0.0,hampel+savgol+pchip_dense,0.1
advancedV1_multiscale_extratrees,VTEST_S00.csv,VTEST_S00,33.016670000000026,59.999999999999986,0.0,hampel+savgol+pchip_dense,0.1
advancedV1_multiscale_extratrees,VTEST_S00.csv,VTEST_S00,33.11667000000003,59.999999999999986,0.0,hampel+savgol+pchip_dense,0.1
advancedV1_multiscale_extratrees,VTEST_S00.csv,VTEST_S00,33.21667000000003,59.999999999999986,0.0,hampel+savgol+pchip_dense,0.1
advancedV1_multiscale_extratrees,VTEST_S00.csv,VTEST_S00,33.31667000000003,59.999999999999986,0.0,hampel+savgol+pchip_dense,0.1
advancedV1_multiscale_extratrees,VTEST_S00.csv,VTEST_S00,33.416670000000025,59.999999999999986,0.0,hampel+savgol+pchip_dense,0.1
advancedV1_multiscale_extratrees,VTEST_S00.csv,VTEST_S00,33.516670000000026,59.999999999999986,0.0,hampel+savgol+pchip_dense,0.1
advancedV1_multiscale_extratrees,VTEST_S00.csv,VTEST_S00,33.61667000000003,59.999999999999986,0.0,hampel+savgol+pchip_dense,0.1
advancedV1_multiscale_extratrees,VTEST_S00.csv,VTEST_S00,33.71667000000003,59.999999999999986,0.0,hampel+savgol+pchip_dense,0.1
advancedV1_multiscale_extratrees,VTEST_S00.csv,VTEST_S00,33.81667000000003,59.999999999999986,0.0,hampel+savgol+pchip_dense,0.1
advancedV1_multiscale_extratrees,VTEST_S00.csv,VTEST_S00,33.916670000000025,59.999999999999986,0.0,hampel+savgol+pchip_dense,0.1
advancedV1_multiscale_extratrees,VTEST_S00.csv,VTEST_S00,34.016670000000026,59.999999999999986,0.0,hampel+savgol+pchip_dense,0.1
advancedV1_multiscale_extratrees,VTEST_S00.csv,VTEST_S00,34.11667000000003,59.999999999999986,0.0,hampel+savgol+pchip_dense,0.1
advancedV1_multiscale_extratrees,VTEST_S00.csv,VTEST_S00,34.21667000000003,59.999999999999986,0.0,hampel+savgol+pchip_dense,0.1
advancedV1_multiscale_extratrees,VTEST_S00.csv,VTEST_S00,34.31667000000003,59.999999999999986,0.0,hampel+savgol+pchip_dense,0.1
advancedV1_multiscale_extratrees,VTEST_S00.csv,VTEST_S00,34.416670000000025,59.999999999999986,0.0,hampel+savgol+pchip_dense,0.1
advancedV1_multiscale_extratrees,VTEST_S00.csv,VTEST_S00,34.516670000000026,59.999999999999986,0.0,hampel+savgol+pchip_dense,0.1
advancedV1_multiscale_extratrees,VTEST_S00.csv,VTEST_S00,34.61667000000003,59.999999999999986,0.0,hampel+savgol+pchip_dense,0.1
advancedV1_multiscale_extratrees,VTEST_S00.csv,VTEST_S00,34.71667000000003,59.999999999999986,0.0,hampel+savgol+pchip_dense,0.1
advancedV1_multiscale_extratrees,VTEST_S00.csv,VTEST_S00,34.81667000000003,59.999999999999986,0.0,hampel+savgol+pchip_dense,0.1
advancedV1_multiscale_extratrees,VTEST_S00.csv,VTEST_S00,34.91667000000003,59.999999999999986,0.0,hampel+savgol+pchip_dense,0.1
advancedV1_multiscale_extratrees,VTEST_S00.csv,VTEST_S00,35.016670000000026,59.999999999999986,0.0,hampel+savgol+pchip_dense,0.1
advancedV1_multiscale_extratrees,VTEST_S00.csv,VTEST_S00,35.11667000000003,59.99999999999998,0.0,hampel+savgol+pchip_dense,0.1
advancedV1_multiscale_extratrees,VTEST_S00.csv,VTEST_S00,35.21667000000003,59.99999999999998,0.0,hampel+savgol+pchip_dense,0.1
advancedV1_multiscale_extratrees,VTEST_S00.csv,VTEST_S00,35.31667000000003,59.99999999999998,0.0,hampel+savgol+pchip_dense,0.1
advancedV1_multiscale_extratrees,VTEST_S00.csv,VTEST_S00,35.41667000000003,59.99999999999998,0.0,hampel+savgol+pchip_dense,0.1
advancedV1_multiscale_extratrees,VTEST_S00.csv,VTEST_S00,35.51667000000003,59.99999999999998,0.0,hampel+savgol+pchip_dense,0.1
advancedV1_multiscale_extratrees,VTEST_S00.csv,VTEST_S00,35.61667000000003,59.99999999999998,0.0,hampel+savgol+pchip_dense,0.1
advancedV1_multiscale_extratrees,VTEST_S00.csv,VTEST_S00,35.71667000000003,59.99999999999998,0.0,hampel+savgol+pchip_dense,0.1
advancedV1_multiscale_extratrees,VTEST_S00.csv,VTEST_S00,35.81667000000003,59.99999999999998,0.0,hampel+savgol+pchip_dense,0.1
advancedV1_multiscale_extratrees,VTEST_S00.csv,VTEST_S00,35.91667000000003,59.99999999999998,0.0,hampel+savgol+pchip_dense,0.1
advancedV1_multiscale_extratrees,VTEST_S00.csv,VTEST_S00,36.01667000000003,59.99999999999998,0.0,hampel+savgol+pchip_dense,0.1
advancedV1_multiscale_extratrees,VTEST_S00.csv,VTEST_S00,36.11667000000003,59.99999999999998,0.0,hampel+savgol+pchip_dense,0.1
advancedV1_multiscale_extratrees,VTEST_S00.csv,VTEST_S00,36.21667000000003,59.99999999999998,0.0,hampel+savgol+pchip_dense,0.1
advancedV1_multiscale_extratrees,VTEST_S00.csv,VTEST_S00,36.31667000000003,59.99999999999998,0.0,hampel+savgol+pchip_dense,0.1
advancedV1_multiscale_extratrees,VTEST_S00.csv,VTEST_S00,36.41667000000003,59.99999999999998,0.0,hampel+savgol+pchip_dense,0.1
advancedV1_multiscale_extratrees,VTEST_S00.csv,VTEST_S00,36.51667000000003,59.99999999999998,0.0,hampel+savgol+pchip_dense,0.1
advancedV1_multiscale_extratrees,VTEST_S00.csv,VTEST_S00,36.616670000000035,59.99999999999998,0.0,hampel+savgol+pchip_dense,0.1
advancedV1_multiscale_extratrees,VTEST_S00.csv,VTEST_S00,36.71667000000003,59.99999999999998,0.0,hampel+savgol+pchip_dense,0.1
advancedV1_multiscale_extratrees,VTEST_S00.csv,VTEST_S00,36.81667000000003,59.99999999999998,0.0,hampel+savgol+pchip_dense,0.1
advancedV1_multiscale_extratrees,VTEST_S00.csv,VTEST_S00,36.91667000000003,59.99999999999998,0.0,hampel+savgol+pchip_dense,0.1
advancedV1_multiscale_extratrees,VTEST_S00.csv,VTEST_S00,37.01667000000003,59.99999999999998,0.0,hampel+savgol+pchip_dense,0.1
advancedV1_multiscale_extratrees,VTEST_S00.csv,VTEST_S00,37.116670000000035,59.99999999999998,0.0,hampel+savgol+pchip_dense,0.1
advancedV1_multiscale_extratrees,VTEST_S00.csv,VTEST_S00,37.21667000000003,59.99999999999998,0.0,hampel+savgol+pchip_dense,0.1
advancedV1_multiscale_extratrees,VTEST_S00.csv,VTEST_S00,37.31667000000003,59.99999999999998,0.0,hampel+savgol+pchip_dense,0.1
advancedV1_multiscale_extratrees,VTEST_S00.csv,VTEST_S00,37.41667000000003,59.99999999999998,0.0,hampel+savgol+pchip_dense,0.1
advancedV1_multiscale_extratrees,VTEST_S00.csv,VTEST_S00,37.51667000000003,59.99999999999998,0.0,hampel+savgol+pchip_dense,0.1
advancedV1_multiscale_extratrees,VTEST_S00.csv,VTEST_S00,37.616670000000035,59.99999999999998,0.0,hampel+savgol+pchip_dense,0.1
advancedV1_multiscale_extratrees,VTEST_S00.csv,VTEST_S00,37.716670000000036,59.99999999999998,0.0,hampel+savgol+pchip_dense,0.1
advancedV1_multiscale_extratrees,VTEST_S00.csv,VTEST_S00,37.81667000000003,59.99999999999998,0.0,hampel+savgol+pchip_dense,0.1
advancedV1_multiscale_extratrees,VTEST_S00.csv,VTEST_S00,37.91667000000003,59.99999999999998,0.0,hampel+savgol+pchip_dense,0.1
advancedV1_multiscale_extratrees,VTEST_S00.csv,VTEST_S00,38.01667000000003,59.99999999999998,0.0,hampel+savgol+pchip_dense,0.1
advancedV1_multiscale_extratrees,VTEST_S00.csv,VTEST_S00,38.116670000000035,59.99999999999998,0.0,hampel+savgol+pchip_dense,0.1
advancedV1_multiscale_extratrees,VTEST_S00.csv,VTEST_S00,38.216670000000036,59.99999999999998,0.0,hampel+savgol+pchip_dense,0.1
advancedV1_multiscale_extratrees,VTEST_S00.csv,VTEST_S00,38.31667000000003,59.99999999999998,0.0,hampel+savgol+pchip_dense,0.1
advancedV1_multiscale_extratrees,VTEST_S00.csv,VTEST_S00,38.41667000000003,59.99999999999998,0.0,hampel+savgol+pchip_dense,0.1
advancedV1_multiscale_extratrees,VTEST_S00.csv,VTEST_S00,38.51667000000003,59.99999999999998,0.0,hampel+savgol+pchip_dense,0.1
advancedV1_multiscale_extratrees,VTEST_S00.csv,VTEST_S00,38.616670000000035,59.99999999999998,0.0,hampel+savgol+pchip_dense,0.1
advancedV1_multiscale_extratrees,VTEST_S00.csv,VTEST_S00,38.716670000000036,59.99999999999995,0.0,hampel+savgol+pchip_dense,0.1
advancedV1_multiscale_extratrees,VTEST_S00.csv,VTEST_S00,38.81667000000003,59.99999999999995,0.0,hampel+savgol+pchip_dense,0.1
advancedV1_multiscale_extratrees,VTEST_S00.csv,VTEST_S00,38.91667000000003,59.99999999999995,0.0,hampel+savgol+pchip_dense,0.1
advancedV1_multiscale_extratrees,VTEST_S00.csv,VTEST_S00,39.01667000000003,59.99999999999994,0.0,hampel+savgol+pchip_dense,0.1
advancedV1_multiscale_extratrees,VTEST_S00.csv,VTEST_S00,39.116670000000035,59.99999999999994,0.0,hampel+savgol+pchip_dense,0.1
advancedV1_multiscale_extratrees,VTEST_S00.csv,VTEST_S00,39.216670000000036,59.99999999999998,0.0,hampel+savgol+pchip_dense,0.1
advancedV1_multiscale_extratrees,VTEST_S00.csv,VTEST_S00,39.31667000000003,59.99999999999998,0.0,hampel+savgol+pchip_dense,0.1
advancedV1_multiscale_extratrees,VTEST_S00.csv,VTEST_S00,39.41667000000003,59.99999999999998,0.0,hampel+savgol+pchip_dense,0.1
advancedV1_multiscale_extratrees,VTEST_S00.csv,VTEST_S00,39.51667000000003,59.99999999999998,0.0,hampel+savgol+pchip_dense,0.1
advancedV1_multiscale_extratrees,VTEST_S00.csv,VTEST_S00,39.616670000000035,59.99999999999998,0.0,hampel+savgol+pchip_dense,0.1
advancedV1_multiscale_extratrees,VTEST_S00.csv,VTEST_S00,39.716670000000036,59.99999999999998,0.0,hampel+savgol+pchip_dense,0.1
advancedV1_multiscale_extratrees,VTEST_S00.csv,VTEST_S00,39.81667000000004,59.99999999999998,0.0,hampel+savgol+pchip_dense,0.1
advancedV1_multiscale_extratrees,VTEST_S00.csv,VTEST_S00,39.91667000000003,59.99999999999998,0.0,hampel+savgol+pchip_dense,0.1
advancedV1_multiscale_extratrees,VTEST_S00.csv,VTEST_S00,40.01667000000003,59.99999999999998,0.0,hampel+savgol+pchip_dense,0.1
advancedV1_multiscale_extratrees,VTEST_S00.csv,VTEST_S00,40.116670000000035,59.99999999999998,0.0,hampel+savgol+pchip_dense,0.1
advancedV1_multiscale_extratrees,VTEST_S00.csv,VTEST_S00,40.216670000000036,59.99999999999998,0.0,hampel+savgol+pchip_dense,0.1
advancedV1_multiscale_extratrees,VTEST_S00.csv,VTEST_S00,40.31667000000004,59.99999999999998,0.0,hampel+savgol+pchip_dense,0.1
advancedV1_multiscale_extratrees,VTEST_S00.csv,VTEST_S00,40.41667000000003,59.99999999999998,0.0,hampel+savgol+pchip_dense,0.1
advancedV1_multiscale_extratrees,VTEST_S00.csv,VTEST_S00,40.51667000000003,59.99999999999998,0.0,hampel+savgol+pchip_dense,0.1
advancedV1_multiscale_extratrees,VTEST_S00.csv,VTEST_S00,40.616670000000035,59.99999999999998,0.0,hampel+savgol+pchip_dense,0.1
advancedV1_multiscale_extratrees,VTEST_S00.csv,VTEST_S00,40.716670000000036,59.99999999999998,0.0,hampel+savgol+pchip_dense,0.1
advancedV1_multiscale_extratrees,VTEST_S00.csv,VTEST_S00,40.81667000000004,59.99999999999998,0.0,hampel+savgol+pchip_dense,0.1
advancedV1_multiscale_extratrees,VTEST_S00.csv,VTEST_S00,40.91667000000004,59.99999999999998,0.0,hampel+savgol+pchip_dense,0.1
advancedV1_multiscale_extratrees,VTEST_S00.csv,VTEST_S00,41.01667000000003,59.99999999999998,0.0,hampel+savgol+pchip_dense,0.1
advancedV1_multiscale_extratrees,VTEST_S00.csv,VTEST_S00,41.116670000000035,59.99999999999998,0.0,hampel+savgol+pchip_dense,0.1
advancedV1_multiscale_extratrees,VTEST_S00.csv,VTEST_S00,41.216670000000036,59.99999999999998,0.0,hampel+savgol+pchip_dense,0.1
advancedV1_multiscale_extratrees,VTEST_S00.csv,VTEST_S00,41.31667000000004,59.99999999999998,0.0,hampel+savgol+pchip_dense,0.1
advancedV1_multiscale_extratrees,VTEST_S00.csv,VTEST_S00,41.41667000000004,59.99999999999998,0.0,hampel+savgol+pchip_dense,0.1
advancedV1_multiscale_extratrees,VTEST_S00.csv,VTEST_S00,41.51667000000003,59.99999999999998,0.0,hampel+savgol+pchip_dense,0.1
advancedV1_multiscale_extratrees,VTEST_S00.csv,VTEST_S00,41.616670000000035,59.99999999999998,0.0,hampel+savgol+pchip_dense,0.1
advancedV1_multiscale_extratrees,VTEST_S00.csv,VTEST_S00,41.716670000000036,59.99999999999998,0.0,hampel+savgol+pchip_dense,0.1
advancedV1_multiscale_extratrees,VTEST_S00.csv,VTEST_S00,41.81667000000004,59.99999999999998,0.0,hampel+savgol+pchip_dense,0.1
advancedV1_multiscale_extratrees,VTEST_S00.csv,VTEST_S00,41.91667000000004,59.99999999999998,0.0,hampel+savgol+pchip_dense,0.1
advancedV1_multiscale_extratrees,VTEST_S00.csv,VTEST_S00,42.01667000000003,59.99999999999998,0.0,hampel+savgol+pchip_dense,0.1
advancedV1_multiscale_extratrees,VTEST_S00.csv,VTEST_S00,42.116670000000035,59.99999999999998,0.0,hampel+savgol+pchip_dense,0.1
advancedV1_multiscale_extratrees,VTEST_S00.csv,VTEST_S00,42.216670000000036,59.99999999999998,0.0,hampel+savgol+pchip_dense,0.1
advancedV1_multiscale_extratrees,VTEST_S00.csv,VTEST_S00,42.31667000000004,59.99999999999998,0.0,hampel+savgol+pchip_dense,0.1
advancedV1_multiscale_extratrees,VTEST_S00.csv,VTEST_S00,42.41667000000004,59.99999999999998,0.0,hampel+savgol+pchip_dense,0.1
advancedV1_multiscale_extratrees,VTEST_S00.csv,VTEST_S00,42.51667000000003,59.99999999999998,0.0,hampel+savgol+pchip_dense,0.1
advancedV1_multiscale_extratrees,VTEST_S00.csv,VTEST_S00,42.616670000000035,59.99999999999998,0.0,hampel+savgol+pchip_dense,0.1
advancedV1_multiscale_extratrees,VTEST_S00.csv,VTEST_S00,42.716670000000036,59.99999999999998,0.0,hampel+savgol+pchip_dense,0.1
advancedV1_multiscale_extratrees,VTEST_S00.csv,VTEST_S00,42.81667000000004,59.99999999999998,0.0,hampel+savgol+pchip_dense,0.1
advancedV1_multiscale_extratrees,VTEST_S00.csv,VTEST_S00,42.91667000000004,59.99999999999998,0.0,hampel+savgol+pchip_dense,0.1
advancedV1_multiscale_extratrees,VTEST_S00.csv,VTEST_S00,43.01667000000004,59.99999999999998,0.0,hampel+savgol+pchip_dense,0.1
advancedV1_multiscale_extratrees,VTEST_S00.csv,VTEST_S00,43.116670000000035,59.99999999999998,0.0,hampel+savgol+pchip_dense,0.1
advancedV1_multiscale_extratrees,VTEST_S00.csv,VTEST_S00,43.216670000000036,59.99999999999998,0.0,hampel+savgol+pchip_dense,0.1
advancedV1_multiscale_extratrees,VTEST_S00.csv,VTEST_S00,43.31667000000004,59.99999999999998,0.0,hampel+savgol+pchip_dense,0.1
advancedV1_multiscale_extratrees,VTEST_S00.csv,VTEST_S00,43.41667000000004,59.99999999999998,0.0,hampel+savgol+pchip_dense,0.1
advancedV1_multiscale_extratrees,VTEST_S00.csv,VTEST_S00,43.51667000000004,59.99999999999998,0.0,hampel+savgol+pchip_dense,0.1
advancedV1_multiscale_extratrees,VTEST_S00.csv,VTEST_S00,43.616670000000035,59.99999999999998,0.0,hampel+savgol+pchip_dense,0.1
advancedV1_multiscale_extratrees,VTEST_S00.csv,VTEST_S00,43.716670000000036,59.99999999999998,0.0,hampel+savgol+pchip_dense,0.1
advancedV1_multiscale_extratrees,VTEST_S00.csv,VTEST_S00,43.81667000000004,59.99999999999998,0.0,hampel+savgol+pchip_dense,0.1
advancedV1_multiscale_extratrees,VTEST_S00.csv,VTEST_S00,43.91667000000004,59.99999999999998,0.0,hampel+savgol+pchip_dense,0.1
advancedV1_multiscale_extratrees,VTEST_S00.csv,VTEST_S00,44.01667000000004,59.99999999999998,0.0,hampel+savgol+pchip_dense,0.1
advancedV1_multiscale_extratrees,VTEST_S00.csv,VTEST_S00,44.11667000000004,59.99999999999998,0.0,hampel+savgol+pchip_dense,0.1
advancedV1_multiscale_extratrees,VTEST_S00.csv,VTEST_S00,44.216670000000036,59.99999999999998,0.0,hampel+savgol+pchip_dense,0.1
advancedV1_multiscale_extratrees,VTEST_S00.csv,VTEST_S00,44.31667000000004,59.99999999999998,0.0,hampel+savgol+pchip_dense,0.1
advancedV1_multiscale_extratrees,VTEST_S00.csv,VTEST_S00,44.41667000000004,59.99999999999998,0.0,hampel+savgol+pchip_dense,0.1
advancedV1_multiscale_extratrees,VTEST_S00.csv,VTEST_S00,44.51667000000004,59.99999999999998,0.0,hampel+savgol+pchip_dense,0.1
advancedV1_multiscale_extratrees,VTEST_S00.csv,VTEST_S00,44.61667000000004,59.99999999999998,0.0,hampel+savgol+pchip_dense,0.1
advancedV1_multiscale_extratrees,VTEST_S00.csv,VTEST_S00,44.716670000000036,59.99999999999998,0.0,hampel+savgol+pchip_dense,0.1
advancedV1_multiscale_extratrees,VTEST_S00.csv,VTEST_S00,44.81667000000004,59.99999999999998,0.0,hampel+savgol+pchip_dense,0.1
advancedV1_multiscale_extratrees,VTEST_S00.csv,VTEST_S00,44.91667000000004,59.99999999999998,0.0,hampel+savgol+pchip_dense,0.1
advancedV1_multiscale_extratrees,VTEST_S00.csv,VTEST_S00,45.01667000000004,59.99999999999994,0.0,hampel+savgol+pchip_dense,0.1
advancedV1_multiscale_extratrees,VTEST_S00.csv,VTEST_S00,45.11667000000004,59.99999999999998,0.0,hampel+savgol+pchip_dense,0.1
advancedV1_multiscale_extratrees,VTEST_S00.csv,VTEST_S00,45.216670000000036,59.99999999999998,0.0,hampel+savgol+pchip_dense,0.1
advancedV1_multiscale_extratrees,VTEST_S00.csv,VTEST_S00,45.31667000000004,59.99999999999998,0.0,hampel+savgol+pchip_dense,0.1
advancedV1_multiscale_extratrees,VTEST_S00.csv,VTEST_S00,45.41667000000004,59.99999999999998,0.0,hampel+savgol+pchip_dense,0.1
advancedV1_multiscale_extratrees,VTEST_S00.csv,VTEST_S00,45.51667000000004,59.99999999999998,0.0,hampel+savgol+pchip_dense,0.1
advancedV1_multiscale_extratrees,VTEST_S00.csv,VTEST_S00,45.61667000000004,59.99999999999998,0.0,hampel+savgol+pchip_dense,0.1
advancedV1_multiscale_extratrees,VTEST_S00.csv,VTEST_S00,45.716670000000036,59.99999999999998,0.0,hampel+savgol+pchip_dense,0.1
advancedV1_multiscale_extratrees,VTEST_S00.csv,VTEST_S00,45.81667000000004,59.99999999999998,0.0,hampel+savgol+pchip_dense,0.1
advancedV1_multiscale_extratrees,VTEST_S00.csv,VTEST_S00,45.91667000000004,59.99999999999998,0.0,hampel+savgol+pchip_dense,0.1
advancedV1_multiscale_extratrees,VTEST_S00.csv,VTEST_S00,46.01667000000004,59.99999999999998,0.0,hampel+savgol+pchip_dense,0.1
advancedV1_multiscale_extratrees,VTEST_S00.csv,VTEST_S00,46.11667000000004,59.99999999999998,0.0,hampel+savgol+pchip_dense,0.1
advancedV1_multiscale_extratrees,VTEST_S00.csv,VTEST_S00,46.21667000000004,59.99999999999998,0.0,hampel+savgol+pchip_dense,0.1
advancedV1_multiscale_extratrees,VTEST_S00.csv,VTEST_S00,46.31667000000004,59.99999999999998,0.0,hampel+savgol+pchip_dense,0.1
advancedV1_multiscale_extratrees,VTEST_S00.csv,VTEST_S00,46.41667000000004,59.99999999999998,0.0,hampel+savgol+pchip_dense,0.1
advancedV1_multiscale_extratrees,VTEST_S00.csv,VTEST_S00,46.51667000000004,59.99999999999998,0.0,hampel+savgol+pchip_dense,0.1
advancedV1_multiscale_extratrees,VTEST_S00.csv,VTEST_S00,46.61667000000004,59.99999999999998,0.0,hampel+savgol+pchip_dense,0.1
advancedV1_multiscale_extratrees,VTEST_S00.csv,VTEST_S00,46.71667000000004,59.99999999999998,0.0,hampel+savgol+pchip_dense,0.1
advancedV1_multiscale_extratrees,VTEST_S00.csv,VTEST_S00,46.81667000000004,59.99999999999998,0.0,hampel+savgol+pchip_dense,0.1
advancedV1_multiscale_extratrees,VTEST_S00.csv,VTEST_S00,46.91667000000004,59.99999999999998,0.0,hampel+savgol+pchip_dense,0.1
advancedV1_multiscale_extratrees,VTEST_S00.csv,VTEST_S00,47.01667000000004,59.99999999999998,0.0,hampel+savgol+pchip_dense,0.1
advancedV1_multiscale_extratrees,VTEST_S00.csv,VTEST_S00,47.11667000000004,59.99999999999998,0.0,hampel+savgol+pchip_dense,0.1
advancedV1_multiscale_extratrees,VTEST_S00.csv,VTEST_S00,47.21667000000004,59.99999999999998,0.0,hampel+savgol+pchip_dense,0.1
advancedV1_multiscale_extratrees,VTEST_S00.csv,VTEST_S00,47.316670000000045,59.99999999999998,0.0,hampel+savgol+pchip_dense,0.1
advancedV1_multiscale_extratrees,VTEST_S00.csv,VTEST_S00,47.41667000000004,59.99999999999998,0.0,hampel+savgol+pchip_dense,0.1
advancedV1_multiscale_extratrees,VTEST_S00.csv,VTEST_S00,47.51667000000004,59.99999999999998,0.0,hampel+savgol+pchip_dense,0.1
advancedV1_multiscale_extratrees,VTEST_S00.csv,VTEST_S00,47.61667000000004,59.99999999999998,0.0,hampel+savgol+pchip_dense,0.1
advancedV1_multiscale_extratrees,VTEST_S00.csv,VTEST_S00,47.71667000000004,59.99999999999998,0.0,hampel+savgol+pchip_dense,0.1
advancedV1_multiscale_extratrees,VTEST_S00.csv,VTEST_S00,47.816670000000045,59.99999999999998,0.0,hampel+savgol+pchip_dense,0.1
advancedV1_multiscale_extratrees,VTEST_S00.csv,VTEST_S00,47.91667000000004,59.99999999999998,0.0,hampel+savgol+pchip_dense,0.1
advancedV1_multiscale_extratrees,VTEST_S00.csv,VTEST_S00,48.01667000000004,59.99999999999998,0.0,hampel+savgol+pchip_dense,0.1
advancedV1_multiscale_extratrees,VTEST_S00.csv,VTEST_S00,48.11667000000004,59.99999999999998,0.0,hampel+savgol+pchip_dense,0.1
advancedV1_multiscale_extratrees,VTEST_S00.csv,VTEST_S00,48.21667000000004,59.99999999999998,0.0,hampel+savgol+pchip_dense,0.1
advancedV1_multiscale_extratrees,VTEST_S00.csv,VTEST_S00,48.316670000000045,59.99999999999998,0.0,hampel+savgol+pchip_dense,0.1
advancedV1_multiscale_extratrees,VTEST_S00.csv,VTEST_S00,48.41667000000004,59.99999999999994,0.0,hampel+savgol+pchip_dense,0.1
advancedV1_multiscale_extratrees,VTEST_S00.csv,VTEST_S00,48.51667000000004,59.99999999999998,0.0,hampel+savgol+pchip_dense,0.1
advancedV1_multiscale_extratrees,VTEST_S00.csv,VTEST_S00,48.61667000000004,59.99999999999998,0.0,hampel+savgol+pchip_dense,0.1
advancedV1_multiscale_extratrees,VTEST_S00.csv,VTEST_S00,48.71667000000004,59.99999999999998,0.0,hampel+savgol+pchip_dense,0.1
advancedV1_multiscale_extratrees,VTEST_S00.csv,VTEST_S00,48.816670000000045,59.99999999999998,0.0,hampel+savgol+pchip_dense,0.1
advancedV1_multiscale_extratrees,VTEST_S00.csv,VTEST_S00,48.91667000000004,59.99999999999998,0.0,hampel+savgol+pchip_dense,0.1
advancedV1_multiscale_extratrees,VTEST_S00.csv,VTEST_S00,49.01667000000004,59.99999999999998,0.0,hampel+savgol+pchip_dense,0.1
advancedV1_multiscale_extratrees,VTEST_S00.csv,VTEST_S00,49.11667000000004,59.99999999999998,0.0,hampel+savgol+pchip_dense,0.1
advancedV1_multiscale_extratrees,VTEST_S00.csv,VTEST_S00,49.21667000000004,59.99999999999998,0.0,hampel+savgol+pchip_dense,0.1
advancedV1_multiscale_extratrees,VTEST_S00.csv,VTEST_S00,49.316670000000045,59.99999999999998,0.0,hampel+savgol+pchip_dense,0.1
advancedV1_multiscale_extratrees,VTEST_S00.csv,VTEST_S00,49.416670000000046,59.99999999999998,0.0,hampel+savgol+pchip_dense,0.1
advancedV1_multiscale_extratrees,VTEST_S00.csv,VTEST_S00,49.51667000000004,59.99999999999998,0.0,hampel+savgol+pchip_dense,0.1
advancedV1_multiscale_extratrees,VTEST_S00.csv,VTEST_S00,49.61667000000004,59.99999999999998,0.0,hampel+savgol+pchip_dense,0.1
advancedV1_multiscale_extratrees,VTEST_S00.csv,VTEST_S00,49.71667000000004,59.99999999999998,0.0,hampel+savgol+pchip_dense,0.1
advancedV1_multiscale_extratrees,VTEST_S00.csv,VTEST_S00,49.816670000000045,59.99999999999998,0.0,hampel+savgol+pchip_dense,0.1
advancedV1_multiscale_extratrees,VTEST_S00.csv,VTEST_S00,49.916670000000046,59.99999999999998,0.0,hampel+savgol+pchip_dense,0.1
advancedV1_multiscale_extratrees,VTEST_S00.csv,VTEST_S00,50.01667000000004,59.999999999999964,0.0,hampel+savgol+pchip_dense,0.1
advancedV1_multiscale_extratrees,VTEST_S00.csv,VTEST_S00,50.11667000000004,59.99999999999996,0.0,hampel+savgol+pchip_dense,0.1
advancedV1_multiscale_extratrees,VTEST_S00.csv,VTEST_S00,50.21667000000004,59.99999999999996,0.0,hampel+savgol+pchip_dense,0.1
advancedV1_multiscale_extratrees,VTEST_S00.csv,VTEST_S00,50.316670000000045,59.99999999999996,0.0,hampel+savgol+pchip_dense,0.1
advancedV1_multiscale_extratrees,VTEST_S00.csv,VTEST_S00,50.416670000000046,59.99999999999996,0.0,hampel+savgol+pchip_dense,0.1
advancedV1_multiscale_extratrees,VTEST_S00.csv,VTEST_S00,50.51667000000005,55.70832930898775,0.0,hampel+savgol+pchip_dense,0.1
advancedV1_multiscale_extratrees,VTEST_S00.csv,VTEST_S00,50.61667000000004,39.999999999999964,0.0,hampel+savgol+pchip_dense,0.1
advancedV1_multiscale_extratrees,VTEST_S00.csv,VTEST_S00,50.71667000000004,39.999999999999964,0.0,hampel+savgol+pchip_dense,0.1
advancedV1_multiscale_extratrees,VTEST_S00.csv,VTEST_S00,50.816670000000045,39.999999999999964,0.0,hampel+savgol+pchip_dense,0.1
advancedV1_multiscale_extratrees,VTEST_S00.csv,VTEST_S00,50.916670000000046,39.999999999999964,0.0,hampel+savgol+pchip_dense,0.1
advancedV1_multiscale_extratrees,VTEST_S00.csv,VTEST_S00,51.01667000000005,39.999999999999964,0.0,hampel+savgol+pchip_dense,0.1
advancedV1_multiscale_extratrees,VTEST_S00.csv,VTEST_S00,51.11667000000004,39.999999999999964,0.0,hampel+savgol+pchip_dense,0.1
advancedV1_multiscale_extratrees,VTEST_S00.csv,VTEST_S00,51.21667000000004,39.999999999999964,0.0,hampel+savgol+pchip_dense,0.1
advancedV1_multiscale_extratrees,VTEST_S00.csv,VTEST_S00,51.316670000000045,39.999999999999964,0.0,hampel+savgol+pchip_dense,0.1
advancedV1_multiscale_extratrees,VTEST_S00.csv,VTEST_S00,51.416670000000046,39.999999999999964,0.0,hampel+savgol+pchip_dense,0.1
advancedV1_multiscale_extratrees,VTEST_S00.csv,VTEST_S00,51.51667000000005,39.999999999999964,0.0,hampel+savgol+pchip_dense,0.1
advancedV1_multiscale_extratrees,VTEST_S00.csv,VTEST_S00,51.61667000000004,39.999999999999964,0.0,hampel+savgol+pchip_dense,0.1
advancedV1_multiscale_extratrees,VTEST_S00.csv,VTEST_S00,51.71667000000004,39.999999999999964,0.0,hampel+savgol+pchip_dense,0.1
advancedV1_multiscale_extratrees,VTEST_S00.csv,VTEST_S00,51.816670000000045,39.999999999999964,0.0,hampel+savgol+pchip_dense,0.1
advancedV1_multiscale_extratrees,VTEST_S00.csv,VTEST_S00,51.916670000000046,39.999999999999964,0.0,hampel+savgol+pchip_dense,0.1
advancedV1_multiscale_extratrees,VTEST_S00.csv,VTEST_S00,52.01667000000005,39.999999999999964,0.0,hampel+savgol+pchip_dense,0.1
advancedV1_multiscale_extratrees,VTEST_S00.csv,VTEST_S00,52.11667000000004,39.999999999999964,0.0,hampel+savgol+pchip_dense,0.1
advancedV1_multiscale_extratrees,VTEST_S00.csv,VTEST_S00,52.21667000000004,39.999999999999964,0.0,hampel+savgol+pchip_dense,0.1
advancedV1_multiscale_extratrees,VTEST_S00.csv,VTEST_S00,52.316670000000045,39.999999999999964,0.0,hampel+savgol+pchip_dense,0.1
advancedV1_multiscale_extratrees,VTEST_S00.csv,VTEST_S00,52.416670000000046,39.999999999999964,0.0,hampel+savgol+pchip_dense,0.1
advancedV1_multiscale_extratrees,VTEST_S00.csv,VTEST_S00,52.51667000000005,39.999999999999964,0.0,hampel+savgol+pchip_dense,0.1
advancedV1_multiscale_extratrees,VTEST_S00.csv,VTEST_S00,52.61667000000005,39.999999999999964,0.0,hampel+savgol+pchip_dense,0.1
advancedV1_multiscale_extratrees,VTEST_S00.csv,VTEST_S00,52.71667000000004,39.999999999999964,0.0,hampel+savgol+pchip_dense,0.1
advancedV1_multiscale_extratrees,VTEST_S00.csv,VTEST_S00,52.816670000000045,39.999999999999964,0.0,hampel+savgol+pchip_dense,0.1
advancedV1_multiscale_extratrees,VTEST_S00.csv,VTEST_S00,52.916670000000046,39.999999999999964,0.0,hampel+savgol+pchip_dense,0.1
advancedV1_multiscale_extratrees,VTEST_S00.csv,VTEST_S00,53.01667000000005,39.999999999999964,0.0,hampel+savgol+pchip_dense,0.1
advancedV1_multiscale_extratrees,VTEST_S00.csv,VTEST_S00,53.11667000000005,39.999999999999964,0.0,hampel+savgol+pchip_dense,0.1
advancedV1_multiscale_extratrees,VTEST_S00.csv,VTEST_S00,53.21667000000004,39.999999999999964,0.0,hampel+savgol+pchip_dense,0.1
advancedV1_multiscale_extratrees,VTEST_S00.csv,VTEST_S00,53.316670000000045,39.999999999999964,0.0,hampel+savgol+pchip_dense,0.1
advancedV1_multiscale_extratrees,VTEST_S00.csv,VTEST_S00,53.416670000000046,39.999999999999964,0.0,hampel+savgol+pchip_dense,0.1
advancedV1_multiscale_extratrees,VTEST_S00.csv,VTEST_S00,53.51667000000005,39.999999999999964,0.0,hampel+savgol+pchip_dense,0.1
advancedV1_multiscale_extratrees,VTEST_S00.csv,VTEST_S00,53.61667000000005,39.999999999999964,0.0,hampel+savgol+pchip_dense,0.1
advancedV1_multiscale_extratrees,VTEST_S00.csv,VTEST_S00,53.71667000000005,39.999999999999964,0.0,hampel+savgol+pchip_dense,0.1
advancedV1_multiscale_extratrees,VTEST_S00.csv,VTEST_S00,53.816670000000045,39.999999999999964,0.0,hampel+savgol+pchip_dense,0.1
advancedV1_multiscale_extratrees,VTEST_S00.csv,VTEST_S00,53.916670000000046,39.999999999999964,0.0,hampel+savgol+pchip_dense,0.1
advancedV1_multiscale_extratrees,VTEST_S00.csv,VTEST_S00,54.01667000000005,39.999999999999964,0.0,hampel+savgol+pchip_dense,0.1
advancedV1_multiscale_extratrees,VTEST_S00.csv,VTEST_S00,54.11667000000005,39.999999999999964,0.0,hampel+savgol+pchip_dense,0.1
advancedV1_multiscale_extratrees,VTEST_S00.csv,VTEST_S00,54.21667000000005,39.999999999999964,0.0,hampel+savgol+pchip_dense,0.1
advancedV1_multiscale_extratrees,VTEST_S00.csv,VTEST_S00,54.316670000000045,39.999999999999964,0.0,hampel+savgol+pchip_dense,0.1
advancedV1_multiscale_extratrees,VTEST_S00.csv,VTEST_S00,54.416670000000046,39.999999999999964,0.0,hampel+savgol+pchip_dense,0.1
advancedV1_multiscale_extratrees,VTEST_S00.csv,VTEST_S00,54.51667000000005,39.999999999999964,0.0,hampel+savgol+pchip_dense,0.1
advancedV1_multiscale_extratrees,VTEST_S00.csv,VTEST_S00,54.61667000000005,39.999999999999964,0.0,hampel+savgol+pchip_dense,0.1
advancedV1_multiscale_extratrees,VTEST_S00.csv,VTEST_S00,54.71667000000005,39.999999999999964,0.0,hampel+savgol+pchip_dense,0.1
advancedV1_multiscale_extratrees,VTEST_S00.csv,VTEST_S00,54.816670000000045,39.999999999999964,0.0,hampel+savgol+pchip_dense,0.1
advancedV1_multiscale_extratrees,VTEST_S00.csv,VTEST_S00,54.916670000000046,39.999999999999964,0.0,hampel+savgol+pchip_dense,0.1
advancedV1_multiscale_extratrees,VTEST_S00.csv,VTEST_S00,55.01667000000005,39.999999999999964,0.0,hampel+savgol+pchip_dense,0.1
advancedV1_multiscale_extratrees,VTEST_S00.csv,VTEST_S00,55.11667000000005,39.999999999999964,0.0,hampel+savgol+pchip_dense,0.1
advancedV1_multiscale_extratrees,VTEST_S00.csv,VTEST_S00,55.21667000000005,39.999999999999964,0.0,hampel+savgol+pchip_dense,0.1
advancedV1_multiscale_extratrees,VTEST_S00.csv,VTEST_S00,55.316670000000045,39.999999999999964,0.0,hampel+savgol+pchip_dense,0.1
advancedV1_multiscale_extratrees,VTEST_S00.csv,VTEST_S00,55.416670000000046,39.999999999999964,0.0,hampel+savgol+pchip_dense,0.1
advancedV1_multiscale_extratrees,VTEST_S00.csv,VTEST_S00,55.51667000000005,39.999999999999964,0.0,hampel+savgol+pchip_dense,0.1
advancedV1_multiscale_extratrees,VTEST_S00.csv,VTEST_S00,55.61667000000005,39.999999999999964,0.0,hampel+savgol+pchip_dense,0.1
advancedV1_multiscale_extratrees,VTEST_S00.csv,VTEST_S00,55.71667000000005,39.999999999999964,0.0,hampel+savgol+pchip_dense,0.1
advancedV1_multiscale_extratrees,VTEST_S00.csv,VTEST_S00,55.81667000000005,39.999999999999964,0.0,hampel+savgol+pchip_dense,0.1
advancedV1_multiscale_extratrees,VTEST_S00.csv,VTEST_S00,55.916670000000046,39.999999999999964,0.0,hampel+savgol+pchip_dense,0.1
advancedV1_multiscale_extratrees,VTEST_S00.csv,VTEST_S00,56.01667000000005,39.999999999999964,0.0,hampel+savgol+pchip_dense,0.1
advancedV1_multiscale_extratrees,VTEST_S00.csv,VTEST_S00,56.11667000000005,39.999999999999964,0.0,hampel+savgol+pchip_dense,0.1
advancedV1_multiscale_extratrees,VTEST_S00.csv,VTEST_S00,56.21667000000005,39.999999999999964,0.0,hampel+savgol+pchip_dense,0.1
advancedV1_multiscale_extratrees,VTEST_S00.csv,VTEST_S00,56.31667000000005,39.999999999999964,0.0,hampel+savgol+pchip_dense,0.1
advancedV1_multiscale_extratrees,VTEST_S00.csv,VTEST_S00,56.416670000000046,39.999999999999964,0.0,hampel+savgol+pchip_dense,0.1
advancedV1_multiscale_extratrees,VTEST_S00.csv,VTEST_S00,56.51667000000005,39.999999999999964,0.0,hampel+savgol+pchip_dense,0.1
advancedV1_multiscale_extratrees,VTEST_S00.csv,VTEST_S00,56.61667000000005,39.999999999999964,0.0,hampel+savgol+pchip_dense,0.1
advancedV1_multiscale_extratrees,VTEST_S00.csv,VTEST_S00,56.71667000000005,39.999999999999964,0.0,hampel+savgol+pchip_dense,0.1
advancedV1_multiscale_extratrees,VTEST_S00.csv,VTEST_S00,56.81667000000005,39.999999999999964,0.0,hampel+savgol+pchip_dense,0.1
advancedV1_multiscale_extratrees,VTEST_S00.csv,VTEST_S00,56.91667000000005,39.999999999999964,0.0,hampel+savgol+pchip_dense,0.1
advancedV1_multiscale_extratrees,VTEST_S00.csv,VTEST_S00,57.01667000000005,39.999999999999964,0.0,hampel+savgol+pchip_dense,0.1
advancedV1_multiscale_extratrees,VTEST_S00.csv,VTEST_S00,57.11667000000005,39.999999999999964,0.0,hampel+savgol+pchip_dense,0.1
advancedV1_multiscale_extratrees,VTEST_S00.csv,VTEST_S00,57.21667000000005,39.999999999999964,0.0,hampel+savgol+pchip_dense,0.1
advancedV1_multiscale_extratrees,VTEST_S00.csv,VTEST_S00,57.31667000000005,39.999999999999964,0.0,hampel+savgol+pchip_dense,0.1
advancedV1_multiscale_extratrees,VTEST_S00.csv,VTEST_S00,57.41667000000005,39.999999999999964,0.0,hampel+savgol+pchip_dense,0.1
advancedV1_multiscale_extratrees,VTEST_S00.csv,VTEST_S00,57.51667000000005,39.999999999999964,0.0,hampel+savgol+pchip_dense,0.1
advancedV1_multiscale_extratrees,VTEST_S00.csv,VTEST_S00,57.61667000000005,39.999999999999964,0.0,hampel+savgol+pchip_dense,0.1
advancedV1_multiscale_extratrees,VTEST_S00.csv,VTEST_S00,57.71667000000005,39.999999999999964,0.0,hampel+savgol+pchip_dense,0.1
advancedV1_multiscale_extratrees,VTEST_S00.csv,VTEST_S00,57.81667000000005,39.999999999999964,0.0,hampel+savgol+pchip_dense,0.1
advancedV1_multiscale_extratrees,VTEST_S00.csv,VTEST_S00,57.91667000000005,39.999999999999964,0.0,hampel+savgol+pchip_dense,0.1
advancedV1_multiscale_extratrees,VTEST_S00.csv,VTEST_S00,58.01667000000005,44.291670691012165,2.6140121937302094,hampel+savgol+pchip_dense,0.1
advancedV1_multiscale_extratrees,VTEST_S00.csv,VTEST_S00,58.11667000000005,55.708327448619215,0.9765482028179682,hampel+savgol+pchip_dense,0.1
advancedV1_multiscale_extratrees,VTEST_S00.csv,VTEST_S00,58.21667000000005,39.999999999999964,0.0,hampel+savgol+pchip_dense,0.1
advancedV1_multiscale_extratrees,VTEST_S00.csv,VTEST_S00,58.31667000000005,39.999999999999964,0.0,hampel+savgol+pchip_dense,0.1
advancedV1_multiscale_extratrees,VTEST_S00.csv,VTEST_S00,58.41667000000005,39.999999999999964,0.0,hampel+savgol+pchip_dense,0.1
advancedV1_multiscale_extratrees,VTEST_S00.csv,VTEST_S00,58.51667000000005,39.999999999999964,0.0,hampel+savgol+pchip_dense,0.1
advancedV1_multiscale_extratrees,VTEST_S00.csv,VTEST_S00,58.61667000000005,39.999999999999964,0.0,hampel+savgol+pchip_dense,0.1
advancedV1_multiscale_extratrees,VTEST_S00.csv,VTEST_S00,58.71667000000005,39.999999999999964,0.0,hampel+savgol+pchip_dense,0.1
advancedV1_multiscale_extratrees,VTEST_S00.csv,VTEST_S00,58.81667000000005,39.999999999999964,0.0,hampel+savgol+pchip_dense,0.1
advancedV1_multiscale_extratrees,VTEST_S00.csv,VTEST_S00,58.91667000000005,39.999999999999964,0.0,hampel+savgol+pchip_dense,0.1
advancedV1_multiscale_extratrees,VTEST_S00.csv,VTEST_S00,59.016670000000055,39.999999999999964,0.0,hampel+savgol+pchip_dense,0.1
advancedV1_multiscale_extratrees,VTEST_S00.csv,VTEST_S00,59.11667000000005,39.999999999999964,0.0,hampel+savgol+pchip_dense,0.1
advancedV1_multiscale_extratrees,VTEST_S00.csv,VTEST_S00,59.21667000000005,39.999999999999964,0.0,hampel+savgol+pchip_dense,0.1
advancedV1_multiscale_extratrees,VTEST_S00.csv,VTEST_S00,59.31667000000005,39.999999999999964,0.0,hampel+savgol+pchip_dense,0.1
advancedV1_multiscale_extratrees,VTEST_S00.csv,VTEST_S00,59.41667000000005,39.999999999999964,0.0,hampel+savgol+pchip_dense,0.1
advancedV1_multiscale_extratrees,VTEST_S00.csv,VTEST_S00,59.516670000000055,39.999999999999964,0.0,hampel+savgol+pchip_dense,0.1
advancedV1_multiscale_extratrees,VTEST_S00.csv,VTEST_S00,59.61667000000005,39.999999999999964,0.0,hampel+savgol+pchip_dense,0.1
advancedV1_multiscale_extratrees,VTEST_S00.csv,VTEST_S00,59.71667000000005,39.999999999999964,0.0,hampel+savgol+pchip_dense,0.1
advancedV1_multiscale_extratrees,VTEST_S00.csv,VTEST_S00,59.81667000000005,39.999999999999964,0.0,hampel+savgol+pchip_dense,0.1
advancedV1_multiscale_extratrees,VTEST_S00.csv,VTEST_S00,59.91667000000005,39.999999999999964,0.0,hampel+savgol+pchip_dense,0.1
advancedV1_multiscale_extratrees,VTEST_S00.csv,VTEST_S00,60.016670000000055,39.999999999999964,0.0,hampel+savgol+pchip_dense,0.1
advancedV1_multiscale_extratrees,VTEST_S00.csv,VTEST_S00,60.116670000000056,39.999999999999964,0.0,hampel+savgol+pchip_dense,0.1
advancedV1_multiscale_extratrees,VTEST_S00.csv,VTEST_S00,60.21667000000005,39.999999999999964,0.0,hampel+savgol+pchip_dense,0.1
advancedV1_multiscale_extratrees,VTEST_S00.csv,VTEST_S00,60.31667000000005,39.999999999999964,0.0,hampel+savgol+pchip_dense,0.1
advancedV1_multiscale_extratrees,VTEST_S00.csv,VTEST_S00,60.41667000000005,39.999999999999964,0.0,hampel+savgol+pchip_dense,0.1
advancedV1_multiscale_extratrees,VTEST_S00.csv,VTEST_S00,60.516670000000055,39.999999999999964,0.0,hampel+savgol+pchip_dense,0.1
advancedV1_multiscale_extratrees,VTEST_S00.csv,VTEST_S00,60.616670000000056,39.999999999999964,0.0,hampel+savgol+pchip_dense,0.1
advancedV1_multiscale_extratrees,VTEST_S00.csv,VTEST_S00,60.71667000000005,39.999999999999964,0.0,hampel+savgol+pchip_dense,0.1
advancedV1_multiscale_extratrees,VTEST_S00.csv,VTEST_S00,60.81667000000005,39.999999999999964,0.0,hampel+savgol+pchip_dense,0.1
advancedV1_multiscale_extratrees,VTEST_S00.csv,VTEST_S00,60.91667000000005,39.999999999999964,0.0,hampel+savgol+pchip_dense,0.1
advancedV1_multiscale_extratrees,VTEST_S00.csv,VTEST_S00,61.016670000000055,39.999999999999964,0.0,hampel+savgol+pchip_dense,0.1
advancedV1_multiscale_extratrees,VTEST_S00.csv,VTEST_S00,61.116670000000056,39.999999999999964,0.0,hampel+savgol+pchip_dense,0.1
advancedV1_multiscale_extratrees,VTEST_S00.csv,VTEST_S00,61.21667000000005,39.999999999999964,0.0,hampel+savgol+pchip_dense,0.1
advancedV1_multiscale_extratrees,VTEST_S00.csv,VTEST_S00,61.31667000000005,39.999999999999964,0.0,hampel+savgol+pchip_dense,0.1
advancedV1_multiscale_extratrees,VTEST_S00.csv,VTEST_S00,61.41667000000005,39.999999999999964,0.0,hampel+savgol+pchip_dense,0.1
advancedV1_multiscale_extratrees,VTEST_S00.csv,VTEST_S00,61.516670000000055,39.999999999999964,0.0,hampel+savgol+pchip_dense,0.1
advancedV1_multiscale_extratrees,VTEST_S00.csv,VTEST_S00,61.616670000000056,39.999999999999964,0.0,hampel+savgol+pchip_dense,0.1
advancedV1_multiscale_extratrees,VTEST_S00.csv,VTEST_S00,61.71667000000005,39.999999999999964,0.0,hampel+savgol+pchip_dense,0.1
advancedV1_multiscale_extratrees,VTEST_S00.csv,VTEST_S00,61.81667000000005,39.999999999999964,0.0,hampel+savgol+pchip_dense,0.1
advancedV1_multiscale_extratrees,VTEST_S00.csv,VTEST_S00,61.91667000000005,39.999999999999964,0.0,hampel+savgol+pchip_dense,0.1
advancedV1_multiscale_extratrees,VTEST_S00.csv,VTEST_S00,62.016670000000055,39.999999999999964,0.0,hampel+savgol+pchip_dense,0.1
advancedV1_multiscale_extratrees,VTEST_S00.csv,VTEST_S00,62.116670000000056,39.999999999999964,0.0,hampel+savgol+pchip_dense,0.1
advancedV1_multiscale_extratrees,VTEST_S00.csv,VTEST_S00,62.21667000000006,39.999999999999964,0.0,hampel+savgol+pchip_dense,0.1
advancedV1_multiscale_extratrees,VTEST_S00.csv,VTEST_S00,62.31667000000005,39.999999999999964,0.0,hampel+savgol+pchip_dense,0.1
advancedV1_multiscale_extratrees,VTEST_S00.csv,VTEST_S00,62.41667000000005,39.999999999999964,0.0,hampel+savgol+pchip_dense,0.1
advancedV1_multiscale_extratrees,VTEST_S00.csv,VTEST_S00,62.516670000000055,39.999999999999964,0.0,hampel+savgol+pchip_dense,0.1
advancedV1_multiscale_extratrees,VTEST_S00.csv,VTEST_S00,62.616670000000056,39.999999999999964,0.0,hampel+savgol+pchip_dense,0.1
advancedV1_multiscale_extratrees,VTEST_S00.csv,VTEST_S00,62.71667000000006,39.999999999999964,0.0,hampel+savgol+pchip_dense,0.1
advancedV1_multiscale_extratrees,VTEST_S00.csv,VTEST_S00,62.81667000000005,39.999999999999964,0.0,hampel+savgol+pchip_dense,0.1
advancedV1_multiscale_extratrees,VTEST_S00.csv,VTEST_S00,62.91667000000005,39.999999999999964,0.0,hampel+savgol+pchip_dense,0.1
advancedV1_multiscale_extratrees,VTEST_S00.csv,VTEST_S00,63.016670000000055,39.999999999999964,0.0,hampel+savgol+pchip_dense,0.1
advancedV1_multiscale_extratrees,VTEST_S00.csv,VTEST_S00,63.116670000000056,39.999999999999964,0.0,hampel+savgol+pchip_dense,0.1
advancedV1_multiscale_extratrees,VTEST_S00.csv,VTEST_S00,63.21667000000006,39.999999999999964,0.0,hampel+savgol+pchip_dense,0.1
advancedV1_multiscale_extratrees,VTEST_S00.csv,VTEST_S00,63.31667000000006,39.999999999999964,0.0,hampel+savgol+pchip_dense,0.1
advancedV1_multiscale_extratrees,VTEST_S00.csv,VTEST_S00,63.41667000000005,39.999999999999964,0.0,hampel+savgol+pchip_dense,0.1
advancedV1_multiscale_extratrees,VTEST_S00.csv,VTEST_S00,63.516670000000055,39.999999999999964,0.0,hampel+savgol+pchip_dense,0.1
advancedV1_multiscale_extratrees,VTEST_S00.csv,VTEST_S00,63.616670000000056,39.999999999999964,0.0,hampel+savgol+pchip_dense,0.1
advancedV1_multiscale_extratrees,VTEST_S00.csv,VTEST_S00,63.71667000000006,39.999999999999964,0.0,hampel+savgol+pchip_dense,0.1
advancedV1_multiscale_extratrees,VTEST_S00.csv,VTEST_S00,63.81667000000006,39.999999999999964,0.0,hampel+savgol+pchip_dense,0.1
advancedV1_multiscale_extratrees,VTEST_S00.csv,VTEST_S00,63.91667000000005,39.999999999999964,0.0,hampel+savgol+pchip_dense,0.1
advancedV1_multiscale_extratrees,VTEST_S00.csv,VTEST_S00,64.01667000000005,39.999999999999964,0.0,hampel+savgol+pchip_dense,0.1
advancedV1_multiscale_extratrees,VTEST_S00.csv,VTEST_S00,64.11667000000006,39.999999999999964,0.0,hampel+savgol+pchip_dense,0.1
advancedV1_multiscale_extratrees,VTEST_S00.csv,VTEST_S00,64.21667000000005,39.999999999999964,0.0,hampel+savgol+pchip_dense,0.1
advancedV1_multiscale_extratrees,VTEST_S00.csv,VTEST_S00,64.31667000000006,39.999999999999964,0.0,hampel+savgol+pchip_dense,0.1
advancedV1_multiscale_extratrees,VTEST_S00.csv,VTEST_S00,64.41667000000005,39.999999999999964,0.0,hampel+savgol+pchip_dense,0.1
advancedV1_multiscale_extratrees,VTEST_S00.csv,VTEST_S00,64.51667000000005,39.999999999999964,0.0,hampel+savgol+pchip_dense,0.1
advancedV1_multiscale_extratrees,VTEST_S00.csv,VTEST_S00,64.61667000000006,39.999999999999964,0.0,hampel+savgol+pchip_dense,0.1
advancedV1_multiscale_extratrees,VTEST_S00.csv,VTEST_S00,64.71667000000005,39.999999999999964,0.0,hampel+savgol+pchip_dense,0.1
advancedV1_multiscale_extratrees,VTEST_S00.csv,VTEST_S00,64.81667000000006,39.999999999999964,0.0,hampel+savgol+pchip_dense,0.1
advancedV1_multiscale_extratrees,VTEST_S00.csv,VTEST_S00,64.91667000000005,39.999999999999964,0.0,hampel+savgol+pchip_dense,0.1
advancedV1_multiscale_extratrees,VTEST_S00.csv,VTEST_S00,65.01667000000005,39.999999999999964,0.0,hampel+savgol+pchip_dense,0.1
advancedV1_multiscale_extratrees,VTEST_S00.csv,VTEST_S00,65.11667000000006,39.999999999999964,0.0,hampel+savgol+pchip_dense,0.1
advancedV1_multiscale_extratrees,VTEST_S00.csv,VTEST_S00,65.21667000000005,39.999999999999964,0.0,hampel+savgol+pchip_dense,0.1
advancedV1_multiscale_extratrees,VTEST_S00.csv,VTEST_S00,65.31667000000006,39.999999999999964,0.0,hampel+savgol+pchip_dense,0.1
advancedV1_multiscale_extratrees,VTEST_S00.csv,VTEST_S00,65.41667000000005,39.999999999999964,0.0,hampel+savgol+pchip_dense,0.1
advancedV1_multiscale_extratrees,VTEST_S00.csv,VTEST_S00,65.51667000000005,39.999999999999964,0.0,hampel+savgol+pchip_dense,0.1
advancedV1_multiscale_extratrees,VTEST_S00.csv,VTEST_S00,65.61667000000006,39.999999999999964,0.0,hampel+savgol+pchip_dense,0.1
advancedV1_multiscale_extratrees,VTEST_S00.csv,VTEST_S00,65.71667000000005,39.999999999999964,0.0,hampel+savgol+pchip_dense,0.1
advancedV1_multiscale_extratrees,VTEST_S00.csv,VTEST_S00,65.81667000000006,39.999999999999964,0.0,hampel+savgol+pchip_dense,0.1
advancedV1_multiscale_extratrees,VTEST_S00.csv,VTEST_S00,65.91667000000005,39.999999999999964,0.0,hampel+savgol+pchip_dense,0.1
advancedV1_multiscale_extratrees,VTEST_S00.csv,VTEST_S00,66.01667000000005,39.999999999999964,0.0,hampel+savgol+pchip_dense,0.1
advancedV1_multiscale_extratrees,VTEST_S00.csv,VTEST_S00,66.11667000000006,39.999999999999964,0.0,hampel+savgol+pchip_dense,0.1
advancedV1_multiscale_extratrees,VTEST_S00.csv,VTEST_S00,66.21667000000005,39.999999999999964,0.0,hampel+savgol+pchip_dense,0.1
advancedV1_multiscale_extratrees,VTEST_S00.csv,VTEST_S00,66.31667000000006,39.999999999999964,0.0,hampel+savgol+pchip_dense,0.1
advancedV1_multiscale_extratrees,VTEST_S00.csv,VTEST_S00,66.41667000000005,39.999999999999964,0.0,hampel+savgol+pchip_dense,0.1
advancedV1_multiscale_extratrees,VTEST_S00.csv,VTEST_S00,66.51667000000006,39.999999999999964,0.0,hampel+savgol+pchip_dense,0.1
advancedV1_multiscale_extratrees,VTEST_S00.csv,VTEST_S00,66.61667000000006,39.999999999999964,0.0,hampel+savgol+pchip_dense,0.1
advancedV1_multiscale_extratrees,VTEST_S00.csv,VTEST_S00,66.71667000000005,39.999999999999964,0.0,hampel+savgol+pchip_dense,0.1
advancedV1_multiscale_extratrees,VTEST_S00.csv,VTEST_S00,66.81667000000006,39.999999999999964,0.0,hampel+savgol+pchip_dense,0.1
advancedV1_multiscale_extratrees,VTEST_S00.csv,VTEST_S00,66.91667000000005,39.999999999999964,0.0,hampel+savgol+pchip_dense,0.1
advancedV1_multiscale_extratrees,VTEST_S00.csv,VTEST_S00,67.01667000000006,39.999999999999964,0.0,hampel+savgol+pchip_dense,0.1
advancedV1_multiscale_extratrees,VTEST_S00.csv,VTEST_S00,67.11667000000006,39.999999999999964,0.0,hampel+savgol+pchip_dense,0.1
advancedV1_multiscale_extratrees,VTEST_S00.csv,VTEST_S00,67.21667000000005,39.999999999999964,0.0,hampel+savgol+pchip_dense,0.1
advancedV1_multiscale_extratrees,VTEST_S00.csv,VTEST_S00,67.31667000000006,39.999999999999964,0.0,hampel+savgol+pchip_dense,0.1
advancedV1_multiscale_extratrees,VTEST_S00.csv,VTEST_S00,67.41667000000005,39.999999999999964,0.0,hampel+savgol+pchip_dense,0.1
advancedV1_multiscale_extratrees,VTEST_S00.csv,VTEST_S00,67.51667000000006,39.999999999999964,0.0,hampel+savgol+pchip_dense,0.1
advancedV1_multiscale_extratrees,VTEST_S00.csv,VTEST_S00,67.61667000000006,39.999999999999964,0.0,hampel+savgol+pchip_dense,0.1
advancedV1_multiscale_extratrees,VTEST_S00.csv,VTEST_S00,67.71667000000006,39.999999999999964,0.0,hampel+savgol+pchip_dense,0.1
advancedV1_multiscale_extratrees,VTEST_S00.csv,VTEST_S00,67.81667000000006,39.999999999999964,1.70798090445652,hampel+savgol+pchip_dense,0.1
advancedV1_multiscale_extratrees,VTEST_S00.csv,VTEST_S00,67.91667000000005,39.999999999999964,9.99999999999999,hampel+savgol+pchip_dense,0.1
advancedV1_multiscale_extratrees,VTEST_S00.csv,VTEST_S00,68.01667000000006,39.999999999999964,9.99999999999999,hampel+savgol+pchip_dense,0.1
advancedV1_multiscale_extratrees,VTEST_S00.csv,VTEST_S00,68.11667000000006,39.999999999999964,9.99999999999999,hampel+savgol+pchip_dense,0.1
advancedV1_multiscale_extratrees,VTEST_S00.csv,VTEST_S00,68.21667000000006,39.999999999999964,9.99999999999999,hampel+savgol+pchip_dense,0.1
advancedV1_multiscale_extratrees,VTEST_S00.csv,VTEST_S00,68.31667000000006,39.999999999999964,9.999999999999993,hampel+savgol+pchip_dense,0.1
advancedV1_multiscale_extratrees,VTEST_S00.csv,VTEST_S00,68.41667000000005,39.999999999999964,9.999999999999993,hampel+savgol+pchip_dense,0.1
advancedV1_multiscale_extratrees,VTEST_S00.csv,VTEST_S00,68.51667000000006,39.999999999999964,9.99999999999999,hampel+savgol+pchip_dense,0.1
advancedV1_multiscale_extratrees,VTEST_S00.csv,VTEST_S00,68.61667000000006,39.999999999999964,9.99999999999999,hampel+savgol+pchip_dense,0.1
advancedV1_multiscale_extratrees,VTEST_S00.csv,VTEST_S00,68.71667000000006,39.999999999999964,9.99999999999999,hampel+savgol+pchip_dense,0.1
advancedV1_multiscale_extratrees,VTEST_S00.csv,VTEST_S00,68.81667000000006,39.999999999999964,9.99999999999999,hampel+savgol+pchip_dense,0.1
advancedV1_multiscale_extratrees,VTEST_S00.csv,VTEST_S00,68.91667000000005,39.999999999999964,9.99999999999999,hampel+savgol+pchip_dense,0.1
advancedV1_multiscale_extratrees,VTEST_S00.csv,VTEST_S00,69.01667000000006,39.999999999999964,7.386037551629959,hampel+savgol+pchip_dense,0.1
advancedV1_multiscale_extratrees,VTEST_S00.csv,VTEST_S00,69.11667000000006,39.999999999999964,0.0,hampel+savgol+pchip_dense,0.1
advancedV1_multiscale_extratrees,VTEST_S00.csv,VTEST_S00,69.21667000000006,39.999999999999964,0.0,hampel+savgol+pchip_dense,0.1
advancedV1_multiscale_extratrees,VTEST_S00.csv,VTEST_S00,69.31667000000006,39.999999999999964,10.639410187401449,hampel+savgol+pchip_dense,0.1
advancedV1_multiscale_extratrees,VTEST_S00.csv,VTEST_S00,69.41667000000007,39.999999999999964,9.99999999999999,hampel+savgol+pchip_dense,0.1
advancedV1_multiscale_extratrees,VTEST_S00.csv,VTEST_S00,69.51667000000006,39.999999999999964,9.99999999999999,hampel+savgol+pchip_dense,0.1
advancedV1_multiscale_extratrees,VTEST_S00.csv,VTEST_S00,69.61667000000006,39.999999999999964,1.2734729326662848,hampel+savgol+pchip_dense,0.1
advancedV1_multiscale_extratrees,VTEST_S00.csv,VTEST_S00,69.71667000000006,39.999999999999964,10.000006182887907,hampel+savgol+pchip_dense,0.1
advancedV1_multiscale_extratrees,VTEST_S00.csv,VTEST_S00,69.81667000000006,39.999999999999964,9.99999999999999,hampel+savgol+pchip_dense,0.1
advancedV1_multiscale_extratrees,VTEST_S00.csv,VTEST_S00,69.91667000000007,39.999999999999964,0.6381768308507076,hampel+savgol+pchip_dense,0.1
advancedV1_multiscale_extratrees,VTEST_S00.csv,VTEST_S00,70.01667000000006,39.999999999999964,0.0,hampel+savgol+pchip_dense,0.1
advancedV1_multiscale_extratrees,VTEST_S00.csv,VTEST_S00,70.11667000000006,39.999999999999964,0.0,hampel+savgol+pchip_dense,0.1
advancedV1_multiscale_extratrees,VTEST_S00.csv,VTEST_S00,70.21667000000006,39.999999999999964,0.0,hampel+savgol+pchip_dense,0.1
advancedV1_multiscale_extratrees,VTEST_S00.csv,VTEST_S00,70.31667000000006,39.999999999999964,0.0,hampel+savgol+pchip_dense,0.1
advancedV1_multiscale_extratrees,VTEST_S00.csv,VTEST_S00,70.41667000000007,39.999999999999964,0.0,hampel+savgol+pchip_dense,0.1
advancedV1_multiscale_extratrees,VTEST_S00.csv,VTEST_S00,70.51667000000006,39.999999999999964,0.0,hampel+savgol+pchip_dense,0.1
advancedV1_multiscale_extratrees,VTEST_S00.csv,VTEST_S00,70.61667000000006,39.999999999999964,0.0,hampel+savgol+pchip_dense,0.1
advancedV1_multiscale_extratrees,VTEST_S00.csv,VTEST_S00,70.71667000000006,39.999999999999964,0.0,hampel+savgol+pchip_dense,0.1
advancedV1_multiscale_extratrees,VTEST_S00.csv,VTEST_S00,70.81667000000006,39.999999999999964,0.0,hampel+savgol+pchip_dense,0.1
advancedV1_multiscale_extratrees,VTEST_S00.csv,VTEST_S00,70.91667000000007,39.999999999999964,0.0,hampel+savgol+pchip_dense,0.1
advancedV1_multiscale_extratrees,VTEST_S00.csv,VTEST_S00,71.01667000000006,39.999999999999964,0.0,hampel+savgol+pchip_dense,0.1
advancedV1_multiscale_extratrees,VTEST_S00.csv,VTEST_S00,71.11667000000006,39.999999999999964,0.0,hampel+savgol+pchip_dense,0.1
advancedV1_multiscale_extratrees,VTEST_S00.csv,VTEST_S00,71.21667000000006,39.999999999999964,0.0,hampel+savgol+pchip_dense,0.1
advancedV1_multiscale_extratrees,VTEST_S00.csv,VTEST_S00,71.31667000000006,39.999999999999964,0.0,hampel+savgol+pchip_dense,0.1
advancedV1_multiscale_extratrees,VTEST_S00.csv,VTEST_S00,71.41667000000007,39.999999999999964,0.0,hampel+savgol+pchip_dense,0.1
advancedV1_multiscale_extratrees,VTEST_S00.csv,VTEST_S00,71.51667000000006,39.999999999999964,0.0,hampel+savgol+pchip_dense,0.1
advancedV1_multiscale_extratrees,VTEST_S00.csv,VTEST_S00,71.61667000000006,39.999999999999964,0.0,hampel+savgol+pchip_dense,0.1
advancedV1_multiscale_extratrees,VTEST_S00.csv,VTEST_S00,71.71667000000006,39.999999999999964,0.0,hampel+savgol+pchip_dense,0.1
advancedV1_multiscale_extratrees,VTEST_S00.csv,VTEST_S00,71.81667000000006,39.999999999999964,0.0,hampel+savgol+pchip_dense,0.1
advancedV1_multiscale_extratrees,VTEST_S00.csv,VTEST_S00,71.91667000000007,39.999999999999964,0.0,hampel+savgol+pchip_dense,0.1
advancedV1_multiscale_extratrees,VTEST_S00.csv,VTEST_S00,72.01667000000006,39.999999999999964,0.0,hampel+savgol+pchip_dense,0.1
advancedV1_multiscale_extratrees,VTEST_S00.csv,VTEST_S00,72.11667000000007,39.999999999999964,0.0,hampel+savgol+pchip_dense,0.1
advancedV1_multiscale_extratrees,VTEST_S00.csv,VTEST_S00,72.21667000000006,39.999999999999964,0.0,hampel+savgol+pchip_dense,0.1
advancedV1_multiscale_extratrees,VTEST_S00.csv,VTEST_S00,72.31667000000006,39.999999999999964,0.0,hampel+savgol+pchip_dense,0.1
advancedV1_multiscale_extratrees,VTEST_S00.csv,VTEST_S00,72.41667000000007,39.999999999999964,0.0,hampel+savgol+pchip_dense,0.1
advancedV1_multiscale_extratrees,VTEST_S00.csv,VTEST_S00,72.51667000000006,39.999999999999964,0.0,hampel+savgol+pchip_dense,0.1
advancedV1_multiscale_extratrees,VTEST_S00.csv,VTEST_S00,72.61667000000007,39.999999999999964,0.0,hampel+savgol+pchip_dense,0.1
advancedV1_multiscale_extratrees,VTEST_S00.csv,VTEST_S00,72.71667000000006,39.999999999999964,0.0,hampel+savgol+pchip_dense,0.1
advancedV1_multiscale_extratrees,VTEST_S00.csv,VTEST_S00,72.81667000000006,39.999999999999964,0.0,hampel+savgol+pchip_dense,0.1
advancedV1_multiscale_extratrees,VTEST_S00.csv,VTEST_S00,72.91667000000007,39.999999999999964,0.0,hampel+savgol+pchip_dense,0.1
advancedV1_multiscale_extratrees,VTEST_S00.csv,VTEST_S00,73.01667000000006,39.999999999999964,0.0,hampel+savgol+pchip_dense,0.1
advancedV1_multiscale_extratrees,VTEST_S00.csv,VTEST_S00,73.11667000000007,39.999999999999964,0.0,hampel+savgol+pchip_dense,0.1
advancedV1_multiscale_extratrees,VTEST_S00.csv,VTEST_S00,73.21667000000006,39.999999999999964,0.0,hampel+savgol+pchip_dense,0.1
advancedV1_multiscale_extratrees,VTEST_S00.csv,VTEST_S00,73.31667000000006,39.999999999999964,0.0,hampel+savgol+pchip_dense,0.1
advancedV1_multiscale_extratrees,VTEST_S00.csv,VTEST_S00,73.41667000000007,39.999999999999964,0.0,hampel+savgol+pchip_dense,0.1
advancedV1_multiscale_extratrees,VTEST_S00.csv,VTEST_S00,73.51667000000006,39.999999999999964,0.0,hampel+savgol+pchip_dense,0.1
advancedV1_multiscale_extratrees,VTEST_S00.csv,VTEST_S00,73.61667000000007,39.999999999999964,0.0,hampel+savgol+pchip_dense,0.1
advancedV1_multiscale_extratrees,VTEST_S00.csv,VTEST_S00,73.71667000000006,39.999999999999964,0.0,hampel+savgol+pchip_dense,0.1
advancedV1_multiscale_extratrees,VTEST_S00.csv,VTEST_S00,73.81667000000006,39.999999999999964,0.0,hampel+savgol+pchip_dense,0.1
advancedV1_multiscale_extratrees,VTEST_S00.csv,VTEST_S00,73.91667000000007,39.999999999999964,0.0,hampel+savgol+pchip_dense,0.1
advancedV1_multiscale_extratrees,VTEST_S00.csv,VTEST_S00,74.01667000000006,39.999999999999964,0.0,hampel+savgol+pchip_dense,0.1
advancedV1_multiscale_extratrees,VTEST_S00.csv,VTEST_S00,74.11667000000007,39.999999999999964,0.0,hampel+savgol+pchip_dense,0.1
advancedV1_multiscale_extratrees,VTEST_S00.csv,VTEST_S00,74.21667000000006,39.999999999999964,0.0,hampel+savgol+pchip_dense,0.1
advancedV1_multiscale_extratrees,VTEST_S00.csv,VTEST_S00,74.31667000000006,39.999999999999964,0.0,hampel+savgol+pchip_dense,0.1
advancedV1_multiscale_extratrees,VTEST_S00.csv,VTEST_S00,74.41667000000007,39.999999999999964,0.0,hampel+savgol+pchip_dense,0.1
advancedV1_multiscale_extratrees,VTEST_S00.csv,VTEST_S00,74.51667000000006,39.999999999999964,0.0,hampel+savgol+pchip_dense,0.1
advancedV1_multiscale_extratrees,VTEST_S00.csv,VTEST_S00,74.61667000000007,39.999999999999964,0.0,hampel+savgol+pchip_dense,0.1
advancedV1_multiscale_extratrees,VTEST_S00.csv,VTEST_S00,74.71667000000006,39.999999999999964,0.0,hampel+savgol+pchip_dense,0.1
advancedV1_multiscale_extratrees,VTEST_S00.csv,VTEST_S00,74.81667000000006,39.999999999999964,0.0,hampel+savgol+pchip_dense,0.1
advancedV1_multiscale_extratrees,VTEST_S00.csv,VTEST_S00,74.91667000000007,39.999999999999964,0.0,hampel+savgol+pchip_dense,0.1
advancedV1_multiscale_extratrees,VTEST_S00.csv,VTEST_S00,75.01667000000006,39.999999999999964,9.02565746520475,hampel+savgol+pchip_dense,0.1
advancedV1_multiscale_extratrees,VTEST_S00.csv,VTEST_S00,75.11667000000007,39.999999999999964,9.999999999999993,hampel+savgol+pchip_dense,0.1
advancedV1_multiscale_extratrees,VTEST_S00.csv,VTEST_S00,75.21667000000006,39.999999999999964,9.99999999999999,hampel+savgol+pchip_dense,0.1
advancedV1_multiscale_extratrees,VTEST_S00.csv,VTEST_S00,75.31667000000006,39.999999999999964,9.999999999999993,hampel+savgol+pchip_dense,0.1
advancedV1_multiscale_extratrees,VTEST_S00.csv,VTEST_S00,75.41667000000007,39.999999999999964,9.99999999999999,hampel+savgol+pchip_dense,0.1
advancedV1_multiscale_extratrees,VTEST_S00.csv,VTEST_S00,75.51667000000006,39.999999999999964,9.99999999999999,hampel+savgol+pchip_dense,0.1
advancedV1_multiscale_extratrees,VTEST_S00.csv,VTEST_S00,75.61667000000007,39.999999999999964,9.99999999999999,hampel+savgol+pchip_dense,0.1
advancedV1_multiscale_extratrees,VTEST_S00.csv,VTEST_S00,75.71667000000006,39.999999999999964,9.99999999999999,hampel+savgol+pchip_dense,0.1
advancedV1_multiscale_extratrees,VTEST_S00.csv,VTEST_S00,75.81667000000007,39.999999999999964,9.99999999999999,hampel+savgol+pchip_dense,0.1
advancedV1_multiscale_extratrees,VTEST_S00.csv,VTEST_S00,75.91667000000007,39.999999999999964,9.99999999999999,hampel+savgol+pchip_dense,0.1
advancedV1_multiscale_extratrees,VTEST_S00.csv,VTEST_S00,76.01667000000006,39.999999999999964,9.99999999999999,hampel+savgol+pchip_dense,0.1
advancedV1_multiscale_extratrees,VTEST_S00.csv,VTEST_S00,76.11667000000007,39.999999999999964,2.618545562264427,hampel+savgol+pchip_dense,0.1
advancedV1_multiscale_extratrees,VTEST_S00.csv,VTEST_S00,76.21667000000006,39.999999999999964,0.0,hampel+savgol+pchip_dense,0.1
advancedV1_multiscale_extratrees,VTEST_S00.csv,VTEST_S00,76.31667000000007,39.999999999999964,0.0,hampel+savgol+pchip_dense,0.1
advancedV1_multiscale_extratrees,VTEST_S00.csv,VTEST_S00,76.41667000000007,39.999999999999964,0.0,hampel+savgol+pchip_dense,0.1
advancedV1_multiscale_extratrees,VTEST_S00.csv,VTEST_S00,76.51667000000006,39.999999999999964,0.0,hampel+savgol+pchip_dense,0.1
advancedV1_multiscale_extratrees,VTEST_S00.csv,VTEST_S00,76.61667000000007,39.999999999999964,0.0,hampel+savgol+pchip_dense,0.1
advancedV1_multiscale_extratrees,VTEST_S00.csv,VTEST_S00,76.71667000000006,39.999999999999964,0.0,hampel+savgol+pchip_dense,0.1
advancedV1_multiscale_extratrees,VTEST_S00.csv,VTEST_S00,76.81667000000007,39.999999999999964,0.0,hampel+savgol+pchip_dense,0.1
advancedV1_multiscale_extratrees,VTEST_S00.csv,VTEST_S00,76.91667000000007,39.999999999999964,0.0,hampel+savgol+pchip_dense,0.1
advancedV1_multiscale_extratrees,VTEST_S00.csv,VTEST_S00,77.01667000000006,39.999999999999964,0.0,hampel+savgol+pchip_dense,0.1
advancedV1_multiscale_extratrees,VTEST_S00.csv,VTEST_S00,77.11667000000007,39.999999999999964,9.238794894687533,hampel+savgol+pchip_dense,0.1
advancedV1_multiscale_extratrees,VTEST_S00.csv,VTEST_S00,77.21667000000006,39.999999999999964,0.0,hampel+savgol+pchip_dense,0.1
advancedV1_multiscale_extratrees,VTEST_S00.csv,VTEST_S00,77.31667000000007,39.999999999999964,0.0,hampel+savgol+pchip_dense,0.1
advancedV1_multiscale_extratrees,VTEST_S00.csv,VTEST_S00,77.41667000000007,39.999999999999964,0.0,hampel+savgol+pchip_dense,0.1
advancedV1_multiscale_extratrees,VTEST_S00.csv,VTEST_S00,77.51667000000006,39.999999999999964,0.0,hampel+savgol+pchip_dense,0.1
advancedV1_multiscale_extratrees,VTEST_S00.csv,VTEST_S00,77.61667000000007,24.299517623157858,0.0,hampel+savgol+pchip_dense,0.1
advancedV1_multiscale_extratrees,VTEST_S00.csv,VTEST_S00,77.71667000000006,19.999999999999982,0.0,hampel+savgol+pchip_dense,0.1
advancedV1_multiscale_extratrees,VTEST_S00.csv,VTEST_S00,77.81667000000007,19.999999999999982,0.0,hampel+savgol+pchip_dense,0.1
advancedV1_multiscale_extratrees,VTEST_S00.csv,VTEST_S00,77.91667000000007,19.999999999999982,0.0,hampel+savgol+pchip_dense,0.1
advancedV1_multiscale_extratrees,VTEST_S00.csv,VTEST_S00,78.01667000000006,19.999999999999982,0.0,hampel+savgol+pchip_dense,0.1
advancedV1_multiscale_extratrees,VTEST_S00.csv,VTEST_S00,78.11667000000007,19.999999999999982,0.0,hampel+savgol+pchip_dense,0.1
advancedV1_multiscale_extratrees,VTEST_S00.csv,VTEST_S00,78.21667000000006,19.999999999999982,0.0,hampel+savgol+pchip_dense,0.1
advancedV1_multiscale_extratrees,VTEST_S00.csv,VTEST_S00,78.31667000000007,19.999999999999982,0.0,hampel+savgol+pchip_dense,0.1
advancedV1_multiscale_extratrees,VTEST_S00.csv,VTEST_S00,78.41667000000007,19.999999999999982,0.0,hampel+savgol+pchip_dense,0.1
advancedV1_multiscale_extratrees,VTEST_S00.csv,VTEST_S00,78.51667000000008,19.999999999999982,0.0,hampel+savgol+pchip_dense,0.1
advancedV1_multiscale_extratrees,VTEST_S00.csv,VTEST_S00,78.61667000000007,19.999999999999982,0.0,hampel+savgol+pchip_dense,0.1
advancedV1_multiscale_extratrees,VTEST_S00.csv,VTEST_S00,78.71667000000006,19.999999999999982,0.0,hampel+savgol+pchip_dense,0.1
advancedV1_multiscale_extratrees,VTEST_S00.csv,VTEST_S00,78.81667000000007,19.999999999999982,0.0,hampel+savgol+pchip_dense,0.1
advancedV1_multiscale_extratrees,VTEST_S00.csv,VTEST_S00,78.91667000000007,19.999999999999982,0.0,hampel+savgol+pchip_dense,0.1
advancedV1_multiscale_extratrees,VTEST_S00.csv,VTEST_S00,79.01667000000008,19.999999999999982,0.0,hampel+savgol+pchip_dense,0.1
advancedV1_multiscale_extratrees,VTEST_S00.csv,VTEST_S00,79.11667000000007,19.999999999999982,0.0,hampel+savgol+pchip_dense,0.1
advancedV1_multiscale_extratrees,VTEST_S00.csv,VTEST_S00,79.21667000000006,19.999999999999982,0.0,hampel+savgol+pchip_dense,0.1
advancedV1_multiscale_extratrees,VTEST_S00.csv,VTEST_S00,79.31667000000007,19.999999999999982,0.0,hampel+savgol+pchip_dense,0.1
advancedV1_multiscale_extratrees,VTEST_S00.csv,VTEST_S00,79.41667000000007,19.999999999999982,0.0,hampel+savgol+pchip_dense,0.1
advancedV1_multiscale_extratrees,VTEST_S00.csv,VTEST_S00,79.51667000000008,19.999999999999982,0.0,hampel+savgol+pchip_dense,0.1
advancedV1_multiscale_extratrees,VTEST_S00.csv,VTEST_S00,79.61667000000007,19.999999999999982,0.0,hampel+savgol+pchip_dense,0.1
advancedV1_multiscale_extratrees,VTEST_S00.csv,VTEST_S00,79.71667000000006,19.999999999999982,0.0,hampel+savgol+pchip_dense,0.1
advancedV1_multiscale_extratrees,VTEST_S00.csv,VTEST_S00,79.81667000000007,19.999999999999982,0.0,hampel+savgol+pchip_dense,0.1
advancedV1_multiscale_extratrees,VTEST_S00.csv,VTEST_S00,79.91667000000007,19.999999999999982,0.0,hampel+savgol+pchip_dense,0.1
advancedV1_multiscale_extratrees,VTEST_S00.csv,VTEST_S00,80.01667000000008,19.999999999999982,0.0,hampel+savgol+pchip_dense,0.1
advancedV1_multiscale_extratrees,VTEST_S00.csv,VTEST_S00,80.11667000000007,19.999999999999982,0.0,hampel+savgol+pchip_dense,0.1
advancedV1_multiscale_extratrees,VTEST_S00.csv,VTEST_S00,80.21667000000006,19.999999999999982,0.0,hampel+savgol+pchip_dense,0.1
advancedV1_multiscale_extratrees,VTEST_S00.csv,VTEST_S00,80.31667000000007,19.999999999999982,0.0,hampel+savgol+pchip_dense,0.1
advancedV1_multiscale_extratrees,VTEST_S00.csv,VTEST_S00,80.41667000000007,19.999999999999982,0.0,hampel+savgol+pchip_dense,0.1
advancedV1_multiscale_extratrees,VTEST_S00.csv,VTEST_S00,80.51667000000008,19.999999999999982,0.0,hampel+savgol+pchip_dense,0.1
advancedV1_multiscale_extratrees,VTEST_S00.csv,VTEST_S00,80.61667000000007,19.999999999999982,0.0,hampel+savgol+pchip_dense,0.1
advancedV1_multiscale_extratrees,VTEST_S00.csv,VTEST_S00,80.71667000000006,19.999999999999982,10.213137429490153,hampel+savgol+pchip_dense,0.1
advancedV1_multiscale_extratrees,VTEST_S00.csv,VTEST_S00,80.81667000000007,19.999999999999982,10.213137429484803,hampel+savgol+pchip_dense,0.1
advancedV1_multiscale_extratrees,VTEST_S00.csv,VTEST_S00,80.91667000000007,19.999999999999982,0.0,hampel+savgol+pchip_dense,0.1
advancedV1_multiscale_extratrees,VTEST_S00.csv,VTEST_S00,81.01667000000008,19.999999999999982,0.0,hampel+savgol+pchip_dense,0.1
advancedV1_multiscale_extratrees,VTEST_S00.csv,VTEST_S00,81.11667000000007,19.999999999999982,0.0,hampel+savgol+pchip_dense,0.1
advancedV1_multiscale_extratrees,VTEST_S00.csv,VTEST_S00,81.21667000000006,19.999999999999982,0.0,hampel+savgol+pchip_dense,0.1
advancedV1_multiscale_extratrees,VTEST_S00.csv,VTEST_S00,81.31667000000007,19.999999999999982,0.0,hampel+savgol+pchip_dense,0.1
advancedV1_multiscale_extratrees,VTEST_S00.csv,VTEST_S00,81.41667000000007,19.999999999999982,0.0,hampel+savgol+pchip_dense,0.1
advancedV1_multiscale_extratrees,VTEST_S00.csv,VTEST_S00,81.51667000000008,19.999999999999982,0.0,hampel+savgol+pchip_dense,0.1
advancedV1_multiscale_extratrees,VTEST_S00.csv,VTEST_S00,81.61667000000007,19.999999999999982,0.0,hampel+savgol+pchip_dense,0.1
advancedV1_multiscale_extratrees,VTEST_S00.csv,VTEST_S00,81.71667000000006,19.999999999999982,0.0,hampel+savgol+pchip_dense,0.1
advancedV1_multiscale_extratrees,VTEST_S00.csv,VTEST_S00,81.81667000000007,19.999999999999982,0.0,hampel+savgol+pchip_dense,0.1
advancedV1_multiscale_extratrees,VTEST_S00.csv,VTEST_S00,81.91667000000007,19.999999999999982,0.0,hampel+savgol+pchip_dense,0.1
advancedV1_multiscale_extratrees,VTEST_S00.csv,VTEST_S00,82.01667000000008,19.999999999999982,0.0,hampel+savgol+pchip_dense,0.1
advancedV1_multiscale_extratrees,VTEST_S00.csv,VTEST_S00,82.11667000000007,19.999999999999982,0.0,hampel+savgol+pchip_dense,0.1
advancedV1_multiscale_extratrees,VTEST_S00.csv,VTEST_S00,82.21667000000008,19.65003926323507,2.618545562287357,hampel+savgol+pchip_dense,0.1
advancedV1_multiscale_extratrees,VTEST_S00.csv,VTEST_S00,82.31667000000007,41.399842947080685,9.025657465194167,hampel+savgol+pchip_dense,0.1
advancedV1_multiscale_extratrees,VTEST_S00.csv,VTEST_S00,82.41667000000007,20.54993830064683,0.0,hampel+savgol+pchip_dense,0.1
advancedV1_multiscale_extratrees,VTEST_S00.csv,VTEST_S00,82.51667000000008,40.34996073676228,0.0,hampel+savgol+pchip_dense,0.1
advancedV1_multiscale_extratrees,VTEST_S00.csv,VTEST_S00,82.61667000000007,19.01677697764567,0.0,hampel+savgol+pchip_dense,0.1
advancedV1_multiscale_extratrees,VTEST_S00.csv,VTEST_S00,82.71667000000008,40.46661431569353,0.0,hampel+savgol+pchip_dense,0.1
advancedV1_multiscale_extratrees,VTEST_S00.csv,VTEST_S00,82.81667000000007,39.999999999999964,9.751275026463123,hampel+savgol+pchip_dense,0.1
advancedV1_multiscale_extratrees,VTEST_S00.csv,VTEST_S00,82.91667000000007,39.999999999999964,10.426274858974967,hampel+savgol+pchip_dense,0.1
advancedV1_multiscale_extratrees,VTEST_S00.csv,VTEST_S00,83.01667000000008,41.0498822103105,7.381454437731954,hampel+savgol+pchip_dense,0.1
advancedV1_multiscale_extratrees,VTEST_S00.csv,VTEST_S00,83.11667000000007,19.65003926322541,0.0,hampel+savgol+pchip_dense,0.1
advancedV1_multiscale_extratrees,VTEST_S00.csv,VTEST_S00,83.21667000000008,19.999999999999982,0.0,hampel+savgol+pchip_dense,0.1
advancedV1_multiscale_extratrees,VTEST_S00.csv,VTEST_S00,83.31667000000007,19.999999999999982,0.0,hampel+savgol+pchip_dense,0.1
advancedV1_multiscale_extratrees,VTEST_S00.csv,VTEST_S00,83.41667000000007,19.999999999999982,0.0,hampel+savgol+pchip_dense,0.1
advancedV1_multiscale_extratrees,VTEST_S00.csv,VTEST_S00,83.51667000000008,19.999999999999982,0.0,hampel+savgol+pchip_dense,0.1
advancedV1_multiscale_extratrees,VTEST_S00.csv,VTEST_S00,83.61667000000007,19.999999999999982,0.0,hampel+savgol+pchip_dense,0.1
advancedV1_multiscale_extratrees,VTEST_S00.csv,VTEST_S00,83.71667000000008,19.999999999999982,0.0,hampel+savgol+pchip_dense,0.1
advancedV1_multiscale_extratrees,VTEST_S00.csv,VTEST_S00,83.81667000000007,19.999999999999982,0.0,hampel+savgol+pchip_dense,0.1
advancedV1_multiscale_extratrees,VTEST_S00.csv,VTEST_S00,83.91667000000007,19.999999999999982,0.0,hampel+savgol+pchip_dense,0.1
advancedV1_multiscale_extratrees,VTEST_S00.csv,VTEST_S00,84.01667000000008,19.999999999999982,7.381454437735562,hampel+savgol+pchip_dense,0.1
advancedV1_multiscale_extratrees,VTEST_S00.csv,VTEST_S00,84.11667000000007,19.999999999999982,9.99999999999999,hampel+savgol+pchip_dense,0.1
advancedV1_multiscale_extratrees,VTEST_S00.csv,VTEST_S00,84.21667000000008,19.999999999999982,9.99999999999999,hampel+savgol+pchip_dense,0.1
advancedV1_multiscale_extratrees,VTEST_S00.csv,VTEST_S00,84.31667000000007,19.999999999999982,9.99999999999999,hampel+savgol+pchip_dense,0.1
advancedV1_multiscale_extratrees,VTEST_S00.csv,VTEST_S00,84.41667000000007,19.999999999999982,9.99999999999999,hampel+savgol+pchip_dense,0.1
advancedV1_multiscale_extratrees,VTEST_S00.csv,VTEST_S00,84.51667000000008,19.999999999999982,10.639412288462452,hampel+savgol+pchip_dense,0.1
advancedV1_multiscale_extratrees,VTEST_S00.csv,VTEST_S00,84.61667000000007,19.999999999999982,0.0,hampel+savgol+pchip_dense,0.1
advancedV1_multiscale_extratrees,VTEST_S00.csv,VTEST_S00,84.71667000000008,19.999999999999982,0.0,hampel+savgol+pchip_dense,0.1
advancedV1_multiscale_extratrees,VTEST_S00.csv,VTEST_S00,84.81667000000007,19.999999999999982,0.0,hampel+savgol+pchip_dense,0.1
advancedV1_multiscale_extratrees,VTEST_S00.csv,VTEST_S00,84.91667000000008,19.999999999999982,0.0,hampel+savgol+pchip_dense,0.1
advancedV1_multiscale_extratrees,VTEST_S00.csv,VTEST_S00,85.01667000000008,19.999999999999982,0.0,hampel+savgol+pchip_dense,0.1
advancedV1_multiscale_extratrees,VTEST_S00.csv,VTEST_S00,85.11667000000007,19.999999999999982,0.0,hampel+savgol+pchip_dense,0.1
advancedV1_multiscale_extratrees,VTEST_S00.csv,VTEST_S00,85.21667000000008,19.999999999999982,0.0,hampel+savgol+pchip_dense,0.1
advancedV1_multiscale_extratrees,VTEST_S00.csv,VTEST_S00,85.31667000000007,19.999999999999982,0.0,hampel+savgol+pchip_dense,0.1
advancedV1_multiscale_extratrees,VTEST_S00.csv,VTEST_S00,85.41667000000008,19.999999999999982,0.0,hampel+savgol+pchip_dense,0.1
advancedV1_multiscale_extratrees,VTEST_S00.csv,VTEST_S00,85.51667000000008,19.999999999999982,0.0,hampel+savgol+pchip_dense,0.1
advancedV1_multiscale_extratrees,VTEST_S00.csv,VTEST_S00,85.61667000000007,19.999999999999982,0.0,hampel+savgol+pchip_dense,0.1
advancedV1_multiscale_extratrees,VTEST_S00.csv,VTEST_S00,85.71667000000008,19.999999999999982,0.0,hampel+savgol+pchip_dense,0.1
advancedV1_multiscale_extratrees,VTEST_S00.csv,VTEST_S00,85.81667000000007,19.999999999999982,0.0,hampel+savgol+pchip_dense,0.1
advancedV1_multiscale_extratrees,VTEST_S00.csv,VTEST_S00,85.91667000000008,19.999999999999982,0.0,hampel+savgol+pchip_dense,0.1
advancedV1_multiscale_extratrees,VTEST_S00.csv,VTEST_S00,86.01667000000008,19.999999999999982,0.0,hampel+savgol+pchip_dense,0.1
advancedV1_multiscale_extratrees,VTEST_S00.csv,VTEST_S00,86.11667000000007,19.999999999999982,0.0,hampel+savgol+pchip_dense,0.1
advancedV1_multiscale_extratrees,VTEST_S00.csv,VTEST_S00,86.21667000000008,19.999999999999982,0.0,hampel+savgol+pchip_dense,0.1
advancedV1_multiscale_extratrees,VTEST_S00.csv,VTEST_S00,86.31667000000007,19.999999999999982,0.0,hampel+savgol+pchip_dense,0.1
advancedV1_multiscale_extratrees,VTEST_S00.csv,VTEST_S00,86.41667000000008,19.999999999999982,0.0,hampel+savgol+pchip_dense,0.1
advancedV1_multiscale_extratrees,VTEST_S00.csv,VTEST_S00,86.51667000000008,19.999999999999982,14.599999685286864,hampel+savgol+pchip_dense,0.1
advancedV1_multiscale_extratrees,VTEST_S00.csv,VTEST_S00,86.61667000000007,19.999999999999982,19.99999999999998,hampel+savgol+pchip_dense,0.1
advancedV1_multiscale_extratrees,VTEST_S00.csv,VTEST_S00,86.71667000000008,19.999999999999982,19.99999999999998,hampel+savgol+pchip_dense,0.1
advancedV1_multiscale_extratrees,VTEST_S00.csv,VTEST_S00,86.81667000000007,19.999999999999982,19.99999999999998,hampel+savgol+pchip_dense,0.1
advancedV1_multiscale_extratrees,VTEST_S00.csv,VTEST_S00,86.91667000000008,19.999999999999982,19.99999999999998,hampel+savgol+pchip_dense,0.1
advancedV1_multiscale_extratrees,VTEST_S00.csv,VTEST_S00,87.01667000000008,19.999999999999982,19.99999999999998,hampel+savgol+pchip_dense,0.1
advancedV1_multiscale_extratrees,VTEST_S00.csv,VTEST_S00,87.11667000000007,56.528707371764796,19.99999999999998,hampel+savgol+pchip_dense,0.1
advancedV1_multiscale_extratrees,VTEST_S00.csv,VTEST_S00,87.21667000000008,59.99999999999994,19.99999999999998,hampel+savgol+pchip_dense,0.1
advancedV1_multiscale_extratrees,VTEST_S00.csv,VTEST_S00,87.31667000000007,59.99999999999994,19.99999999999998,hampel+savgol+pchip_dense,0.1
advancedV1_multiscale_extratrees,VTEST_S00.csv,VTEST_S00,87.41667000000008,59.99999999999994,19.99999999999998,hampel+savgol+pchip_dense,0.1
advancedV1_multiscale_extratrees,VTEST_S00.csv,VTEST_S00,87.51667000000008,59.99999999999994,19.99999999999998,hampel+savgol+pchip_dense,0.1
advancedV1_multiscale_extratrees,VTEST_S00.csv,VTEST_S00,87.61667000000007,59.99999999999994,19.99999999999998,hampel+savgol+pchip_dense,0.1
advancedV1_multiscale_extratrees,VTEST_S00.csv,VTEST_S00,87.71667000000008,59.99999999999994,19.99999999999998,hampel+savgol+pchip_dense,0.1
advancedV1_multiscale_extratrees,VTEST_S00.csv,VTEST_S00,87.81667000000007,59.99999999999994,19.99999999999998,hampel+savgol+pchip_dense,0.1
advancedV1_multiscale_extratrees,VTEST_S00.csv,VTEST_S00,87.91667000000008,59.99999999999994,19.99999999999998,hampel+savgol+pchip_dense,0.1
advancedV1_multiscale_extratrees,VTEST_S00.csv,VTEST_S00,88.01667000000008,59.99999999999994,19.99999999999998,hampel+savgol+pchip_dense,0.1
advancedV1_multiscale_extratrees,VTEST_S00.csv,VTEST_S00,88.11667000000007,59.99999999999994,19.99999999999998,hampel+savgol+pchip_dense,0.1
advancedV1_multiscale_extratrees,VTEST_S00.csv,VTEST_S00,88.21667000000008,59.99999999999994,19.99999999999998,hampel+savgol+pchip_dense,0.1
advancedV1_multiscale_extratrees,VTEST_S00.csv,VTEST_S00,88.31667000000007,59.99999999999994,19.99999999999998,hampel+savgol+pchip_dense,0.1
advancedV1_multiscale_extratrees,VTEST_S00.csv,VTEST_S00,88.41667000000008,59.99999999999994,19.99999999999998,hampel+savgol+pchip_dense,0.1
advancedV1_multiscale_extratrees,VTEST_S00.csv,VTEST_S00,88.51667000000008,59.99999999999994,19.99999999999998,hampel+savgol+pchip_dense,0.1
advancedV1_multiscale_extratrees,VTEST_S00.csv,VTEST_S00,88.61667000000008,59.99999999999994,19.99999999999998,hampel+savgol+pchip_dense,0.1
advancedV1_multiscale_extratrees,VTEST_S00.csv,VTEST_S00,88.71667000000008,59.99999999999994,19.99999999999998,hampel+savgol+pchip_dense,0.1
advancedV1_multiscale_extratrees,VTEST_S00.csv,VTEST_S00,88.81667000000007,59.99999999999994,19.99999999999998,hampel+savgol+pchip_dense,0.1
advancedV1_multiscale_extratrees,VTEST_S00.csv,VTEST_S00,88.91667000000008,59.99999999999994,19.99999999999998,hampel+savgol+pchip_dense,0.1
advancedV1_multiscale_extratrees,VTEST_S00.csv,VTEST_S00,89.01667000000008,59.99999999999994,19.99999999999998,hampel+savgol+pchip_dense,0.1
advancedV1_multiscale_extratrees,VTEST_S00.csv,VTEST_S00,89.11667000000008,59.99999999999994,19.99999999999998,hampel+savgol+pchip_dense,0.1
advancedV1_multiscale_extratrees,VTEST_S00.csv,VTEST_S00,89.21667000000008,59.99999999999994,19.99999999999998,hampel+savgol+pchip_dense,0.1
advancedV1_multiscale_extratrees,VTEST_S00.csv,VTEST_S00,89.31667000000007,59.99999999999994,19.99999999999998,hampel+savgol+pchip_dense,0.1
advancedV1_multiscale_extratrees,VTEST_S00.csv,VTEST_S00,89.41667000000008,59.99999999999994,19.99999999999998,hampel+savgol+pchip_dense,0.1
advancedV1_multiscale_extratrees,VTEST_S00.csv,VTEST_S00,89.51667000000008,59.99999999999994,19.99999999999998,hampel+savgol+pchip_dense,0.1
advancedV1_multiscale_extratrees,VTEST_S00.csv,VTEST_S00,89.61667000000008,59.99999999999994,19.99999999999998,hampel+savgol+pchip_dense,0.1
advancedV1_multiscale_extratrees,VTEST_S00.csv,VTEST_S00,89.71667000000008,23.199641021875593,19.99999999999998,hampel+savgol+pchip_dense,0.1
advancedV1_multiscale_extratrees,VTEST_S00.csv,VTEST_S00,89.81667000000007,19.999999999999982,19.99999999999998,hampel+savgol+pchip_dense,0.1
advancedV1_multiscale_extratrees,VTEST_S00.csv,VTEST_S00,89.91667000000008,19.999999999999982,9.99999999996465,hampel+savgol+pchip_dense,0.1
advancedV1_multiscale_extratrees,VTEST_S00.csv,VTEST_S00,90.01667000000008,19.999999999999982,0.0,hampel+savgol+pchip_dense,0.1
advancedV1_multiscale_extratrees,VTEST_S00.csv,VTEST_S00,90.11667000000008,19.999999999999982,0.0,hampel+savgol+pchip_dense,0.1
advancedV1_multiscale_extratrees,VTEST_S00.csv,VTEST_S00,90.21667000000008,19.999999999999982,0.0,hampel+savgol+pchip_dense,0.1
advancedV1_multiscale_extratrees,VTEST_S00.csv,VTEST_S00,90.31667000000007,19.999999999999982,0.0,hampel+savgol+pchip_dense,0.1
advancedV1_multiscale_extratrees,VTEST_S00.csv,VTEST_S00,90.41667000000008,19.999999999999982,0.0,hampel+savgol+pchip_dense,0.1
advancedV1_multiscale_extratrees,VTEST_S00.csv,VTEST_S00,90.51667000000008,19.999999999999982,0.0,hampel+savgol+pchip_dense,0.1
advancedV1_multiscale_extratrees,VTEST_S00.csv,VTEST_S00,90.61667000000008,19.999999999999982,0.0,hampel+savgol+pchip_dense,0.1
advancedV1_multiscale_extratrees,VTEST_S00.csv,VTEST_S00,90.71667000000008,19.999999999999982,0.0,hampel+savgol+pchip_dense,0.1
advancedV1_multiscale_extratrees,VTEST_S00.csv,VTEST_S00,90.81667000000007,19.999999999999982,0.0,hampel+savgol+pchip_dense,0.1
advancedV1_multiscale_extratrees,VTEST_S00.csv,VTEST_S00,90.91667000000008,19.999999999999982,0.0,hampel+savgol+pchip_dense,0.1
advancedV1_multiscale_extratrees,VTEST_S00.csv,VTEST_S00,91.01667000000008,19.999999999999982,0.0,hampel+savgol+pchip_dense,0.1
advancedV1_multiscale_extratrees,VTEST_S00.csv,VTEST_S00,91.11667000000008,19.999999999999982,0.0,hampel+savgol+pchip_dense,0.1
advancedV1_multiscale_extratrees,VTEST_S00.csv,VTEST_S00,91.21667000000008,19.999999999999982,0.0,hampel+savgol+pchip_dense,0.1
advancedV1_multiscale_extratrees,VTEST_S00.csv,VTEST_S00,91.31667000000009,19.999999999999982,0.0,hampel+savgol+pchip_dense,0.1
advancedV1_multiscale_extratrees,VTEST_S00.csv,VTEST_S00,91.41667000000008,19.999999999999982,0.0,hampel+savgol+pchip_dense,0.1
advancedV1_multiscale_extratrees,VTEST_S00.csv,VTEST_S00,91.51667000000008,19.999999999999982,0.0,hampel+savgol+pchip_dense,0.1
advancedV1_multiscale_extratrees,VTEST_S00.csv,VTEST_S00,91.61667000000008,19.999999999999982,0.0,hampel+savgol+pchip_dense,0.1
advancedV1_multiscale_extratrees,VTEST_S00.csv,VTEST_S00,91.71667000000008,19.999999999999982,0.0,hampel+savgol+pchip_dense,0.1
advancedV1_multiscale_extratrees,VTEST_S00.csv,VTEST_S00,91.81667000000009,19.999999999999982,0.0,hampel+savgol+pchip_dense,0.1
advancedV1_multiscale_extratrees,VTEST_S00.csv,VTEST_S00,91.91667000000008,19.999999999999982,0.0,hampel+savgol+pchip_dense,0.1
advancedV1_multiscale_extratrees,VTEST_S00.csv,VTEST_S00,92.01667000000008,19.999999999999982,0.0,hampel+savgol+pchip_dense,0.1
advancedV1_multiscale_extratrees,VTEST_S00.csv,VTEST_S00,92.11667000000008,19.999999999999982,0.0,hampel+savgol+pchip_dense,0.1
advancedV1_multiscale_extratrees,VTEST_S00.csv,VTEST_S00,92.21667000000008,19.999999999999982,0.0,hampel+savgol+pchip_dense,0.1
advancedV1_multiscale_extratrees,VTEST_S00.csv,VTEST_S00,92.31667000000009,19.999999999999982,0.0,hampel+savgol+pchip_dense,0.1
advancedV1_multiscale_extratrees,VTEST_S00.csv,VTEST_S00,92.41667000000008,19.999999999999982,0.0,hampel+savgol+pchip_dense,0.1
advancedV1_multiscale_extratrees,VTEST_S00.csv,VTEST_S00,92.51667000000008,19.999999999999982,0.0,hampel+savgol+pchip_dense,0.1
advancedV1_multiscale_extratrees,VTEST_S00.csv,VTEST_S00,92.61667000000008,19.999999999999982,0.0,hampel+savgol+pchip_dense,0.1
advancedV1_multiscale_extratrees,VTEST_S00.csv,VTEST_S00,92.71667000000008,19.999999999999982,0.0,hampel+savgol+pchip_dense,0.1
advancedV1_multiscale_extratrees,VTEST_S00.csv,VTEST_S00,92.81667000000009,19.999999999999982,0.0,hampel+savgol+pchip_dense,0.1
advancedV1_multiscale_extratrees,VTEST_S00.csv,VTEST_S00,92.91667000000008,19.999999999999982,0.0,hampel+savgol+pchip_dense,0.1
advancedV1_multiscale_extratrees,VTEST_S00.csv,VTEST_S00,93.01667000000008,19.999999999999982,0.0,hampel+savgol+pchip_dense,0.1
advancedV1_multiscale_extratrees,VTEST_S00.csv,VTEST_S00,93.11667000000008,19.999999999999982,0.0,hampel+savgol+pchip_dense,0.1
advancedV1_multiscale_extratrees,VTEST_S00.csv,VTEST_S00,93.21667000000008,19.999999999999982,0.0,hampel+savgol+pchip_dense,0.1
advancedV1_multiscale_extratrees,VTEST_S00.csv,VTEST_S00,93.31667000000009,19.999999999999982,0.0,hampel+savgol+pchip_dense,0.1
advancedV1_multiscale_extratrees,VTEST_S00.csv,VTEST_S00,93.41667000000008,19.999999999999982,0.0,hampel+savgol+pchip_dense,0.1
advancedV1_multiscale_extratrees,VTEST_S00.csv,VTEST_S00,93.51667000000008,19.999999999999982,0.0,hampel+savgol+pchip_dense,0.1
advancedV1_multiscale_extratrees,VTEST_S00.csv,VTEST_S00,93.61667000000008,19.999999999999982,0.0,hampel+savgol+pchip_dense,0.1
advancedV1_multiscale_extratrees,VTEST_S00.csv,VTEST_S00,93.71667000000008,19.999999999999982,0.0,hampel+savgol+pchip_dense,0.1
advancedV1_multiscale_extratrees,VTEST_S00.csv,VTEST_S00,93.81667000000009,19.999999999999982,0.0,hampel+savgol+pchip_dense,0.1
advancedV1_multiscale_extratrees,VTEST_S00.csv,VTEST_S00,93.91667000000008,19.999999999999982,0.0,hampel+savgol+pchip_dense,0.1
advancedV1_multiscale_extratrees,VTEST_S00.csv,VTEST_S00,94.01667000000008,19.999999999999982,0.0,hampel+savgol+pchip_dense,0.1
advancedV1_multiscale_extratrees,VTEST_S00.csv,VTEST_S00,94.11667000000008,19.999999999999982,0.0,hampel+savgol+pchip_dense,0.1
advancedV1_multiscale_extratrees,VTEST_S00.csv,VTEST_S00,94.21667000000008,19.999999999999982,0.0,hampel+savgol+pchip_dense,0.1
advancedV1_multiscale_extratrees,VTEST_S00.csv,VTEST_S00,94.31667000000009,19.999999999999982,0.0,hampel+savgol+pchip_dense,0.1
advancedV1_multiscale_extratrees,VTEST_S00.csv,VTEST_S00,94.41667000000008,19.999999999999982,0.0,hampel+savgol+pchip_dense,0.1
advancedV1_multiscale_extratrees,VTEST_S00.csv,VTEST_S00,94.51667000000008,19.999999999999982,0.0,hampel+savgol+pchip_dense,0.1
advancedV1_multiscale_extratrees,VTEST_S00.csv,VTEST_S00,94.61667000000008,19.999999999999982,0.0,hampel+savgol+pchip_dense,0.1
advancedV1_multiscale_extratrees,VTEST_S00.csv,VTEST_S00,94.71667000000008,19.999999999999982,0.0,hampel+savgol+pchip_dense,0.1
advancedV1_multiscale_extratrees,VTEST_S00.csv,VTEST_S00,94.81667000000009,19.999999999999982,0.0,hampel+savgol+pchip_dense,0.1
advancedV1_multiscale_extratrees,VTEST_S00.csv,VTEST_S00,94.91667000000008,19.999999999999982,0.0,hampel+savgol+pchip_dense,0.1
advancedV1_multiscale_extratrees,VTEST_S00.csv,VTEST_S00,95.01667000000009,19.999999999999982,0.0,hampel+savgol+pchip_dense,0.1
advancedV1_multiscale_extratrees,VTEST_S00.csv,VTEST_S00,95.11667000000008,19.999999999999982,0.0,hampel+savgol+pchip_dense,0.1
advancedV1_multiscale_extratrees,VTEST_S00.csv,VTEST_S00,95.21667000000008,19.999999999999982,0.0,hampel+savgol+pchip_dense,0.1
advancedV1_multiscale_extratrees,VTEST_S00.csv,VTEST_S00,95.31667000000009,19.999999999999982,0.0,hampel+savgol+pchip_dense,0.1
advancedV1_multiscale_extratrees,VTEST_S00.csv,VTEST_S00,95.41667000000008,19.999999999999982,0.0,hampel+savgol+pchip_dense,0.1
advancedV1_multiscale_extratrees,VTEST_S00.csv,VTEST_S00,95.51667000000009,19.999999999999982,0.0,hampel+savgol+pchip_dense,0.1
advancedV1_multiscale_extratrees,VTEST_S00.csv,VTEST_S00,95.61667000000008,19.999999999999982,0.0,hampel+savgol+pchip_dense,0.1
advancedV1_multiscale_extratrees,VTEST_S00.csv,VTEST_S00,95.71667000000008,19.999999999999982,0.0,hampel+savgol+pchip_dense,0.1
advancedV1_multiscale_extratrees,VTEST_S00.csv,VTEST_S00,95.81667000000009,19.999999999999982,0.0,hampel+savgol+pchip_dense,0.1
advancedV1_multiscale_extratrees,VTEST_S00.csv,VTEST_S00,95.91667000000008,19.999999999999982,0.0,hampel+savgol+pchip_dense,0.1
advancedV1_multiscale_extratrees,VTEST_S00.csv,VTEST_S00,96.01667000000009,19.999999999999982,0.0,hampel+savgol+pchip_dense,0.1
advancedV1_multiscale_extratrees,VTEST_S00.csv,VTEST_S00,96.11667000000008,19.999999999999982,0.0,hampel+savgol+pchip_dense,0.1
advancedV1_multiscale_extratrees,VTEST_S00.csv,VTEST_S00,96.21667000000008,19.999999999999982,0.0,hampel+savgol+pchip_dense,0.1
advancedV1_multiscale_extratrees,VTEST_S00.csv,VTEST_S00,96.31667000000009,19.999999999999982,0.0,hampel+savgol+pchip_dense,0.1
advancedV1_multiscale_extratrees,VTEST_S00.csv,VTEST_S00,96.41667000000008,19.999999999999982,0.0,hampel+savgol+pchip_dense,0.1
advancedV1_multiscale_extratrees,VTEST_S00.csv,VTEST_S00,96.51667000000009,19.999999999999982,0.0,hampel+savgol+pchip_dense,0.1
advancedV1_multiscale_extratrees,VTEST_S00.csv,VTEST_S00,96.61667000000008,19.999999999999982,0.0,hampel+savgol+pchip_dense,0.1
advancedV1_multiscale_extratrees,VTEST_S00.csv,VTEST_S00,96.71667000000008,19.999999999999982,0.0,hampel+savgol+pchip_dense,0.1
advancedV1_multiscale_extratrees,VTEST_S00.csv,VTEST_S00,96.81667000000009,19.999999999999982,0.0,hampel+savgol+pchip_dense,0.1
advancedV1_multiscale_extratrees,VTEST_S00.csv,VTEST_S00,96.91667000000008,19.999999999999982,0.0,hampel+savgol+pchip_dense,0.1
advancedV1_multiscale_extratrees,VTEST_S00.csv,VTEST_S00,97.01667000000009,19.999999999999982,0.0,hampel+savgol+pchip_dense,0.1
advancedV1_multiscale_extratrees,VTEST_S00.csv,VTEST_S00,97.11667000000008,19.999999999999982,0.0,hampel+savgol+pchip_dense,0.1
advancedV1_multiscale_extratrees,VTEST_S00.csv,VTEST_S00,97.21667000000008,19.999999999999982,0.0,hampel+savgol+pchip_dense,0.1
advancedV1_multiscale_extratrees,VTEST_S00.csv,VTEST_S00,97.31667000000009,19.999999999999982,0.0,hampel+savgol+pchip_dense,0.1
advancedV1_multiscale_extratrees,VTEST_S00.csv,VTEST_S00,97.41667000000008,19.999999999999982,0.0,hampel+savgol+pchip_dense,0.1
advancedV1_multiscale_extratrees,VTEST_S00.csv,VTEST_S00,97.51667000000009,19.999999999999982,0.0,hampel+savgol+pchip_dense,0.1
advancedV1_multiscale_extratrees,VTEST_S00.csv,VTEST_S00,97.61667000000008,19.999999999999982,0.0,hampel+savgol+pchip_dense,0.1
advancedV1_multiscale_extratrees,VTEST_S00.csv,VTEST_S00,97.7166700000001,19.999999999999982,0.0,hampel+savgol+pchip_dense,0.1
advancedV1_multiscale_extratrees,VTEST_S00.csv,VTEST_S00,97.81667000000009,19.999999999999982,0.0,hampel+savgol+pchip_dense,0.1
advancedV1_multiscale_extratrees,VTEST_S00.csv,VTEST_S00,97.91667000000008,19.999999999999982,0.0,hampel+savgol+pchip_dense,0.1
advancedV1_multiscale_extratrees,VTEST_S00.csv,VTEST_S00,98.01667000000009,19.999999999999982,0.0,hampel+savgol+pchip_dense,0.1
advancedV1_multiscale_extratrees,VTEST_S00.csv,VTEST_S00,98.11667000000008,19.999999999999982,0.0,hampel+savgol+pchip_dense,0.1
advancedV1_multiscale_extratrees,VTEST_S00.csv,VTEST_S00,98.2166700000001,19.999999999999982,0.0,hampel+savgol+pchip_dense,0.1
advancedV1_multiscale_extratrees,VTEST_S00.csv,VTEST_S00,98.31667000000009,19.999999999999982,0.0,hampel+savgol+pchip_dense,0.1
advancedV1_multiscale_extratrees,VTEST_S00.csv,VTEST_S00,98.41667000000008,19.999999999999982,0.0,hampel+savgol+pchip_dense,0.1
advancedV1_multiscale_extratrees,VTEST_S00.csv,VTEST_S00,98.51667000000009,19.999999999999982,0.0,hampel+savgol+pchip_dense,0.1
advancedV1_multiscale_extratrees,VTEST_S00.csv,VTEST_S00,98.61667000000008,19.999999999999982,0.0,hampel+savgol+pchip_dense,0.1
advancedV1_multiscale_extratrees,VTEST_S00.csv,VTEST_S00,98.7166700000001,19.999999999999982,0.0,hampel+savgol+pchip_dense,0.1
advancedV1_multiscale_extratrees,VTEST_S00.csv,VTEST_S00,98.81667000000009,19.999999999999982,0.0,hampel+savgol+pchip_dense,0.1
advancedV1_multiscale_extratrees,VTEST_S00.csv,VTEST_S00,98.91667000000008,19.999999999999982,0.0,hampel+savgol+pchip_dense,0.1
advancedV1_multiscale_extratrees,VTEST_S00.csv,VTEST_S00,99.01667000000009,19.999999999999982,0.0,hampel+savgol+pchip_dense,0.1
advancedV1_multiscale_extratrees,VTEST_S00.csv,VTEST_S00,99.11667000000008,19.999999999999982,0.0,hampel+savgol+pchip_dense,0.1
advancedV1_multiscale_extratrees,VTEST_S00.csv,VTEST_S00,99.2166700000001,19.999999999999982,0.0,hampel+savgol+pchip_dense,0.1
advancedV1_multiscale_extratrees,VTEST_S00.csv,VTEST_S00,99.31667000000009,19.999999999999982,0.0,hampel+savgol+pchip_dense,0.1
advancedV1_multiscale_extratrees,VTEST_S00.csv,VTEST_S00,99.41667000000008,19.999999999999982,0.0,hampel+savgol+pchip_dense,0.1
advancedV1_multiscale_extratrees,VTEST_S00.csv,VTEST_S00,99.51667000000009,19.999999999999982,0.0,hampel+savgol+pchip_dense,0.1
advancedV1_multiscale_extratrees,VTEST_S00.csv,VTEST_S00,99.61667000000008,19.999999999999982,0.0,hampel+savgol+pchip_dense,0.1
advancedV1_multiscale_extratrees,VTEST_S00.csv,VTEST_S00,99.7166700000001,19.999999999999982,0.0,hampel+savgol+pchip_dense,0.1
advancedV1_multiscale_extratrees,VTEST_S00.csv,VTEST_S00,99.81667000000009,19.999999999999982,0.0,hampel+savgol+pchip_dense,0.1
advancedV1_multiscale_extratrees,VTEST_S00.csv,VTEST_S00,99.91667000000008,19.999999999999982,0.0,hampel+savgol+pchip_dense,0.1
advancedV1_multiscale_extratrees,VTEST_S00.csv,VTEST_S00,100.01667000000009,24.291670698288296,0.0,hampel+savgol+pchip_dense,0.1
advancedV1_multiscale_extratrees,VTEST_S00.csv,VTEST_S00,100.11667000000008,39.999999999999964,0.0,hampel+savgol+pchip_dense,0.1
advancedV1_multiscale_extratrees,VTEST_S00.csv,VTEST_S00,100.2166700000001,39.999999999999964,0.0,hampel+savgol+pchip_dense,0.1
advancedV1_multiscale_extratrees,VTEST_S00.csv,VTEST_S00,100.31667000000009,31.416658617953296,0.0,hampel+savgol+pchip_dense,0.1
advancedV1_multiscale_extratrees,VTEST_S00.csv,VTEST_S00,100.41667000000008,0.0,0.0,hampel+savgol+pchip_dense,0.1
advancedV1_multiscale_extratrees,VTEST_S00.csv,VTEST_S00,100.51667000000009,0.0,0.0,hampel+savgol+pchip_dense,0.1
advancedV1_multiscale_extratrees,VTEST_S00.csv,VTEST_S00,100.61667000000008,0.0,0.0,hampel+savgol+pchip_dense,0.1
advancedV1_multiscale_extratrees,VTEST_S00.csv,VTEST_S00,100.7166700000001,0.0,0.0,hampel+savgol+pchip_dense,0.1
advancedV1_multiscale_extratrees,VTEST_S00.csv,VTEST_S00,100.81667000000009,0.0,0.0,hampel+savgol+pchip_dense,0.1
advancedV1_multiscale_extratrees,VTEST_S00.csv,VTEST_S00,100.91667000000008,0.0,0.0,hampel+savgol+pchip_dense,0.1
advancedV1_multiscale_extratrees,VTEST_S00.csv,VTEST_S00,101.01667000000009,0.0,0.0,hampel+savgol+pchip_dense,0.1
advancedV1_multiscale_extratrees,VTEST_S00.csv,VTEST_S00,101.11667000000008,0.0,0.0,hampel+savgol+pchip_dense,0.1
advancedV1_multiscale_extratrees,VTEST_S00.csv,VTEST_S00,101.2166700000001,0.0,0.0,hampel+savgol+pchip_dense,0.1
advancedV1_multiscale_extratrees,VTEST_S00.csv,VTEST_S00,101.31667000000009,0.0,0.0,hampel+savgol+pchip_dense,0.1
advancedV1_multiscale_extratrees,VTEST_S00.csv,VTEST_S00,101.4166700000001,0.0,0.0,hampel+savgol+pchip_dense,0.1
advancedV1_multiscale_extratrees,VTEST_S00.csv,VTEST_S00,101.51667000000009,0.0,0.0,hampel+savgol+pchip_dense,0.1
advancedV1_multiscale_extratrees,VTEST_S00.csv,VTEST_S00,101.61667000000008,0.0,0.0,hampel+savgol+pchip_dense,0.1
advancedV1_multiscale_extratrees,VTEST_S00.csv,VTEST_S00,101.7166700000001,0.0,0.0,hampel+savgol+pchip_dense,0.1
advancedV1_multiscale_extratrees,VTEST_S00.csv,VTEST_S00,101.81667000000009,0.0,0.0,hampel+savgol+pchip_dense,0.1
advancedV1_multiscale_extratrees,VTEST_S00.csv,VTEST_S00,101.9166700000001,0.0,0.0,hampel+savgol+pchip_dense,0.1
advancedV1_multiscale_extratrees,VTEST_S00.csv,VTEST_S00,102.01667000000009,0.0,0.0,hampel+savgol+pchip_dense,0.1
advancedV1_multiscale_extratrees,VTEST_S00.csv,VTEST_S00,102.11667000000008,0.0,0.0,hampel+savgol+pchip_dense,0.1
advancedV1_multiscale_extratrees,VTEST_S00.csv,VTEST_S00,102.2166700000001,0.0,0.0,hampel+savgol+pchip_dense,0.1
advancedV1_multiscale_extratrees,VTEST_S00.csv,VTEST_S00,102.31667000000009,0.0,0.0,hampel+savgol+pchip_dense,0.1
advancedV1_multiscale_extratrees,VTEST_S00.csv,VTEST_S00,102.4166700000001,0.0,0.0,hampel+savgol+pchip_dense,0.1
advancedV1_multiscale_extratrees,VTEST_S00.csv,VTEST_S00,102.51667000000009,0.0,0.0,hampel+savgol+pchip_dense,0.1
advancedV1_multiscale_extratrees,VTEST_S00.csv,VTEST_S00,102.61667000000008,0.0,0.0,hampel+savgol+pchip_dense,0.1
advancedV1_multiscale_extratrees,VTEST_S00.csv,VTEST_S00,102.7166700000001,0.0,0.0,hampel+savgol+pchip_dense,0.1
advancedV1_multiscale_extratrees,VTEST_S00.csv,VTEST_S00,102.81667000000009,0.0,0.0,hampel+savgol+pchip_dense,0.1
advancedV1_multiscale_extratrees,VTEST_S00.csv,VTEST_S00,102.9166700000001,0.0,0.0,hampel+savgol+pchip_dense,0.1
advancedV1_multiscale_extratrees,VTEST_S00.csv,VTEST_S00,103.01667000000009,0.0,0.0,hampel+savgol+pchip_dense,0.1
advancedV1_multiscale_extratrees,VTEST_S00.csv,VTEST_S00,103.11667000000008,0.0,0.0,hampel+savgol+pchip_dense,0.1
advancedV1_multiscale_extratrees,VTEST_S00.csv,VTEST_S00,103.2166700000001,0.0,0.0,hampel+savgol+pchip_dense,0.1
advancedV1_multiscale_extratrees,VTEST_S00.csv,VTEST_S00,103.31667000000009,0.0,0.0,hampel+savgol+pchip_dense,0.1
advancedV1_multiscale_extratrees,VTEST_S00.csv,VTEST_S00,103.4166700000001,0.0,0.0,hampel+savgol+pchip_dense,0.1
advancedV1_multiscale_extratrees,VTEST_S00.csv,VTEST_S00,103.51667000000009,0.0,0.0,hampel+savgol+pchip_dense,0.1
advancedV1_multiscale_extratrees,VTEST_S00.csv,VTEST_S00,103.61667000000008,0.0,0.0,hampel+savgol+pchip_dense,0.1
advancedV1_multiscale_extratrees,VTEST_S00.csv,VTEST_S00,103.7166700000001,0.0,0.0,hampel+savgol+pchip_dense,0.1
advancedV1_multiscale_extratrees,VTEST_S00.csv,VTEST_S00,103.81667000000009,0.0,0.0,hampel+savgol+pchip_dense,0.1
advancedV1_multiscale_extratrees,VTEST_S00.csv,VTEST_S00,103.9166700000001,0.0,0.0,hampel+savgol+pchip_dense,0.1
advancedV1_multiscale_extratrees,VTEST_S00.csv,VTEST_S00,104.01667000000009,0.0,0.0,hampel+savgol+pchip_dense,0.1
advancedV1_multiscale_extratrees,VTEST_S00.csv,VTEST_S00,104.1166700000001,0.0,0.0,hampel+savgol+pchip_dense,0.1
advancedV1_multiscale_extratrees,VTEST_S00.csv,VTEST_S00,104.2166700000001,0.0,0.0,hampel+savgol+pchip_dense,0.1
advancedV1_multiscale_extratrees,VTEST_S00.csv,VTEST_S00,104.31667000000009,0.0,0.0,hampel+savgol+pchip_dense,0.1
advancedV1_multiscale_extratrees,VTEST_S00.csv,VTEST_S00,104.4166700000001,0.0,0.0,hampel+savgol+pchip_dense,0.1
advancedV1_multiscale_extratrees,VTEST_S00.csv,VTEST_S00,104.51667000000009,0.0,0.0,hampel+savgol+pchip_dense,0.1
advancedV1_multiscale_extratrees,VTEST_S00.csv,VTEST_S00,104.6166700000001,0.0,0.0,hampel+savgol+pchip_dense,0.1
advancedV1_multiscale_extratrees,VTEST_S00.csv,VTEST_S00,104.7166700000001,0.0,0.0,hampel+savgol+pchip_dense,0.1
advancedV1_multiscale_extratrees,VTEST_S00.csv,VTEST_S00,104.81667000000009,0.0,0.0,hampel+savgol+pchip_dense,0.1
advancedV1_multiscale_extratrees,VTEST_S00.csv,VTEST_S00,104.9166700000001,0.0,0.0,hampel+savgol+pchip_dense,0.1
advancedV1_multiscale_extratrees,VTEST_S00.csv,VTEST_S00,105.01667000000009,0.0,0.0,hampel+savgol+pchip_dense,0.1
advancedV1_multiscale_extratrees,VTEST_S00.csv,VTEST_S00,105.1166700000001,0.0,0.0,hampel+savgol+pchip_dense,0.1
advancedV1_multiscale_extratrees,VTEST_S00.csv,VTEST_S00,105.2166700000001,0.0,0.0,hampel+savgol+pchip_dense,0.1
advancedV1_multiscale_extratrees,VTEST_S00.csv,VTEST_S00,105.31667000000009,0.0,0.0,hampel+savgol+pchip_dense,0.1
advancedV1_multiscale_extratrees,VTEST_S00.csv,VTEST_S00,105.4166700000001,0.0,0.0,hampel+savgol+pchip_dense,0.1
advancedV1_multiscale_extratrees,VTEST_S00.csv,VTEST_S00,105.51667000000009,0.0,0.0,hampel+savgol+pchip_dense,0.1
advancedV1_multiscale_extratrees,VTEST_S00.csv,VTEST_S00,105.6166700000001,0.0,0.0,hampel+savgol+pchip_dense,0.1
advancedV1_multiscale_extratrees,VTEST_S00.csv,VTEST_S00,105.7166700000001,0.0,0.0,hampel+savgol+pchip_dense,0.1
advancedV1_multiscale_extratrees,VTEST_S00.csv,VTEST_S00,105.81667000000009,0.0,0.0,hampel+savgol+pchip_dense,0.1
advancedV1_multiscale_extratrees,VTEST_S00.csv,VTEST_S00,105.9166700000001,0.0,0.0,hampel+savgol+pchip_dense,0.1
advancedV1_multiscale_extratrees,VTEST_S00.csv,VTEST_S00,106.01667000000009,0.0,0.0,hampel+savgol+pchip_dense,0.1
advancedV1_multiscale_extratrees,VTEST_S00.csv,VTEST_S00,106.1166700000001,0.0,0.0,hampel+savgol+pchip_dense,0.1
advancedV1_multiscale_extratrees,VTEST_S00.csv,VTEST_S00,106.2166700000001,0.0,0.0,hampel+savgol+pchip_dense,0.1
advancedV1_multiscale_extratrees,VTEST_S00.csv,VTEST_S00,106.31667000000009,0.0,0.0,hampel+savgol+pchip_dense,0.1
advancedV1_multiscale_extratrees,VTEST_S00.csv,VTEST_S00,106.4166700000001,0.0,0.0,hampel+savgol+pchip_dense,0.1
advancedV1_multiscale_extratrees,VTEST_S00.csv,VTEST_S00,106.51667000000009,0.0,0.0,hampel+savgol+pchip_dense,0.1
advancedV1_multiscale_extratrees,VTEST_S00.csv,VTEST_S00,106.6166700000001,0.0,0.0,hampel+savgol+pchip_dense,0.1
advancedV1_multiscale_extratrees,VTEST_S00.csv,VTEST_S00,106.7166700000001,0.0,0.0,hampel+savgol+pchip_dense,0.1
advancedV1_multiscale_extratrees,VTEST_S00.csv,VTEST_S00,106.81667000000009,0.0,0.0,hampel+savgol+pchip_dense,0.1
advancedV1_multiscale_extratrees,VTEST_S00.csv,VTEST_S00,106.9166700000001,0.0,0.0,hampel+savgol+pchip_dense,0.1
advancedV1_multiscale_extratrees,VTEST_S00.csv,VTEST_S00,107.01667000000009,0.0,0.0,hampel+savgol+pchip_dense,0.1
advancedV1_multiscale_extratrees,VTEST_S00.csv,VTEST_S00,107.1166700000001,0.0,0.0,hampel+savgol+pchip_dense,0.1
advancedV1_multiscale_extratrees,VTEST_S00.csv,VTEST_S00,107.2166700000001,0.0,0.0,hampel+savgol+pchip_dense,0.1
advancedV1_multiscale_extratrees,VTEST_S00.csv,VTEST_S00,107.31667000000009,0.0,0.0,hampel+savgol+pchip_dense,0.1
advancedV1_multiscale_extratrees,VTEST_S00.csv,VTEST_S00,107.4166700000001,0.0,0.0,hampel+savgol+pchip_dense,0.1
advancedV1_multiscale_extratrees,VTEST_S00.csv,VTEST_S00,107.51667000000009,0.0,0.0,hampel+savgol+pchip_dense,0.1
advancedV1_multiscale_extratrees,VTEST_S00.csv,VTEST_S00,107.6166700000001,0.0,0.0,hampel+savgol+pchip_dense,0.1
advancedV1_multiscale_extratrees,VTEST_S00.csv,VTEST_S00,107.7166700000001,0.0,0.0,hampel+savgol+pchip_dense,0.1
advancedV1_multiscale_extratrees,VTEST_S00.csv,VTEST_S00,107.8166700000001,0.0,0.0,hampel+savgol+pchip_dense,0.1
advancedV1_multiscale_extratrees,VTEST_S00.csv,VTEST_S00,107.9166700000001,0.0,0.0,hampel+savgol+pchip_dense,0.1
advancedV1_multiscale_extratrees,VTEST_S00.csv,VTEST_S00,108.01667000000009,0.0,0.0,hampel+savgol+pchip_dense,0.1
advancedV1_multiscale_extratrees,VTEST_S00.csv,VTEST_S00,108.1166700000001,0.0,0.0,hampel+savgol+pchip_dense,0.1
advancedV1_multiscale_extratrees,VTEST_S00.csv,VTEST_S00,108.2166700000001,0.0,0.0,hampel+savgol+pchip_dense,0.1
advancedV1_multiscale_extratrees,VTEST_S00.csv,VTEST_S00,108.3166700000001,0.0,0.0,hampel+savgol+pchip_dense,0.1
advancedV1_multiscale_extratrees,VTEST_S00.csv,VTEST_S00,108.4166700000001,0.0,0.0,hampel+savgol+pchip_dense,0.1
advancedV1_multiscale_extratrees,VTEST_S00.csv,VTEST_S00,108.51667000000009,0.0,0.0,hampel+savgol+pchip_dense,0.1
advancedV1_multiscale_extratrees,VTEST_S00.csv,VTEST_S00,108.6166700000001,0.0,0.0,hampel+savgol+pchip_dense,0.1
advancedV1_multiscale_extratrees,VTEST_S00.csv,VTEST_S00,108.7166700000001,0.0,0.0,hampel+savgol+pchip_dense,0.1
advancedV1_multiscale_extratrees,VTEST_S00.csv,VTEST_S00,108.8166700000001,0.0,0.0,hampel+savgol+pchip_dense,0.1
advancedV1_multiscale_extratrees,VTEST_S00.csv,VTEST_S00,108.9166700000001,0.0,0.0,hampel+savgol+pchip_dense,0.1
advancedV1_multiscale_extratrees,VTEST_S00.csv,VTEST_S00,109.01667000000009,0.0,0.0,hampel+savgol+pchip_dense,0.1
advancedV1_multiscale_extratrees,VTEST_S00.csv,VTEST_S00,109.1166700000001,0.0,0.0,hampel+savgol+pchip_dense,0.1
advancedV1_multiscale_extratrees,VTEST_S00.csv,VTEST_S00,109.2166700000001,0.0,0.0,hampel+savgol+pchip_dense,0.1
advancedV1_multiscale_extratrees,VTEST_S00.csv,VTEST_S00,109.3166700000001,0.0,0.0,hampel+savgol+pchip_dense,0.1
advancedV1_multiscale_extratrees,VTEST_S00.csv,VTEST_S00,109.4166700000001,0.0,0.0,hampel+savgol+pchip_dense,0.1
advancedV1_multiscale_extratrees,VTEST_S00.csv,VTEST_S00,109.51667000000009,0.0,0.0,hampel+savgol+pchip_dense,0.1
advancedV1_multiscale_extratrees,VTEST_S00.csv,VTEST_S00,109.6166700000001,0.0,0.0,hampel+savgol+pchip_dense,0.1
advancedV1_multiscale_extratrees,VTEST_S00.csv,VTEST_S00,109.7166700000001,0.0,0.0,hampel+savgol+pchip_dense,0.1
advancedV1_multiscale_extratrees,VTEST_S00.csv,VTEST_S00,109.8166700000001,0.0,0.0,hampel+savgol+pchip_dense,0.1
advancedV1_multiscale_extratrees,VTEST_S00.csv,VTEST_S00,109.9166700000001,0.0,0.0,hampel+savgol+pchip_dense,0.1
advancedV1_multiscale_extratrees,VTEST_S00.csv,VTEST_S00,110.01667000000009,0.0,0.0,hampel+savgol+pchip_dense,0.1
advancedV1_multiscale_extratrees,VTEST_S00.csv,VTEST_S00,110.1166700000001,0.0,0.0,hampel+savgol+pchip_dense,0.1
advancedV1_multiscale_extratrees,VTEST_S00.csv,VTEST_S00,110.2166700000001,0.0,0.0,hampel+savgol+pchip_dense,0.1
advancedV1_multiscale_extratrees,VTEST_S00.csv,VTEST_S00,110.3166700000001,0.0,0.0,hampel+savgol+pchip_dense,0.1
advancedV1_multiscale_extratrees,VTEST_S00.csv,VTEST_S00,110.4166700000001,0.0,0.0,hampel+savgol+pchip_dense,0.1
advancedV1_multiscale_extratrees,VTEST_S00.csv,VTEST_S00,110.5166700000001,0.0,0.0,hampel+savgol+pchip_dense,0.1
advancedV1_multiscale_extratrees,VTEST_S00.csv,VTEST_S00,110.6166700000001,0.0,0.0,hampel+savgol+pchip_dense,0.1
advancedV1_multiscale_extratrees,VTEST_S00.csv,VTEST_S00,110.7166700000001,0.0,0.0,hampel+savgol+pchip_dense,0.1
advancedV1_multiscale_extratrees,VTEST_S00.csv,VTEST_S00,110.8166700000001,0.0,0.0,hampel+savgol+pchip_dense,0.1
advancedV1_multiscale_extratrees,VTEST_S00.csv,VTEST_S00,110.9166700000001,0.0,0.0,hampel+savgol+pchip_dense,0.1
advancedV1_multiscale_extratrees,VTEST_S00.csv,VTEST_S00,111.0166700000001,0.0,0.0,hampel+savgol+pchip_dense,0.1
advancedV1_multiscale_extratrees,VTEST_S00.csv,VTEST_S00,111.1166700000001,0.0,0.0,hampel+savgol+pchip_dense,0.1
advancedV1_multiscale_extratrees,VTEST_S00.csv,VTEST_S00,111.2166700000001,0.0,0.0,hampel+savgol+pchip_dense,0.1
advancedV1_multiscale_extratrees,VTEST_S00.csv,VTEST_S00,111.3166700000001,0.0,20.0,hampel+savgol+pchip_dense,0.1
advancedV1_multiscale_extratrees,VTEST_S00.csv,VTEST_S00,111.4166700000001,0.0,20.0,hampel+savgol+pchip_dense,0.1
advancedV1_multiscale_extratrees,VTEST_S00.csv,VTEST_S00,111.5166700000001,0.0,0.0,hampel+savgol+pchip_dense,0.1
advancedV1_multiscale_extratrees,VTEST_S00.csv,VTEST_S00,111.6166700000001,0.0,20.0,hampel+savgol+pchip_dense,0.1
advancedV1_multiscale_extratrees,VTEST_S00.csv,VTEST_S00,111.7166700000001,0.0,19.99999999999998,hampel+savgol+pchip_dense,0.1
advancedV1_multiscale_extratrees,VTEST_S00.csv,VTEST_S00,111.8166700000001,0.0,16.30252977737363,hampel+savgol+pchip_dense,0.1
advancedV1_multiscale_extratrees,VTEST_S00.csv,VTEST_S00,111.9166700000001,0.0,0.0,hampel+savgol+pchip_dense,0.1
advancedV1_multiscale_extratrees,VTEST_S00.csv,VTEST_S00,112.0166700000001,0.0,12.674415619001394,hampel+savgol+pchip_dense,0.1
advancedV1_multiscale_extratrees,VTEST_S00.csv,VTEST_S00,112.1166700000001,0.0,19.999999717426466,hampel+savgol+pchip_dense,0.1
advancedV1_multiscale_extratrees,VTEST_S00.csv,VTEST_S00,112.2166700000001,0.0,19.99999999999998,hampel+savgol+pchip_dense,0.1
advancedV1_multiscale_extratrees,VTEST_S00.csv,VTEST_S00,112.3166700000001,0.0,19.99999999999998,hampel+savgol+pchip_dense,0.1
advancedV1_multiscale_extratrees,VTEST_S00.csv,VTEST_S00,112.4166700000001,0.0,19.99999999999998,hampel+savgol+pchip_dense,0.1
advancedV1_multiscale_extratrees,VTEST_S00.csv,VTEST_S00,112.5166700000001,0.0,19.99999999999998,hampel+savgol+pchip_dense,0.1
advancedV1_multiscale_extratrees,VTEST_S00.csv,VTEST_S00,112.6166700000001,0.0,19.99999999999998,hampel+savgol+pchip_dense,0.1
advancedV1_multiscale_extratrees,VTEST_S00.csv,VTEST_S00,112.7166700000001,0.0,19.99999999999998,hampel+savgol+pchip_dense,0.1
advancedV1_multiscale_extratrees,VTEST_S00.csv,VTEST_S00,112.8166700000001,0.0,19.99999999999998,hampel+savgol+pchip_dense,0.1
advancedV1_multiscale_extratrees,VTEST_S00.csv,VTEST_S00,112.9166700000001,0.0,19.99999999999998,hampel+savgol+pchip_dense,0.1
advancedV1_multiscale_extratrees,VTEST_S00.csv,VTEST_S00,113.0166700000001,0.0,19.99999999999998,hampel+savgol+pchip_dense,0.1
advancedV1_multiscale_extratrees,VTEST_S00.csv,VTEST_S00,113.1166700000001,0.0,19.99999999999998,hampel+savgol+pchip_dense,0.1
advancedV1_multiscale_extratrees,VTEST_S00.csv,VTEST_S00,113.2166700000001,0.0,19.99999999999998,hampel+savgol+pchip_dense,0.1
advancedV1_multiscale_extratrees,VTEST_S00.csv,VTEST_S00,113.3166700000001,0.0,19.99999999999998,hampel+savgol+pchip_dense,0.1
advancedV1_multiscale_extratrees,VTEST_S00.csv,VTEST_S00,113.4166700000001,0.0,19.99999999999998,hampel+savgol+pchip_dense,0.1
advancedV1_multiscale_extratrees,VTEST_S00.csv,VTEST_S00,113.5166700000001,0.0,19.99999999999998,hampel+savgol+pchip_dense,0.1
advancedV1_multiscale_extratrees,VTEST_S00.csv,VTEST_S00,113.6166700000001,0.0,19.99999999999998,hampel+savgol+pchip_dense,0.1
advancedV1_multiscale_extratrees,VTEST_S00.csv,VTEST_S00,113.7166700000001,0.0,19.99999999999998,hampel+savgol+pchip_dense,0.1
advancedV1_multiscale_extratrees,VTEST_S00.csv,VTEST_S00,113.8166700000001,0.0,19.99999999999998,hampel+savgol+pchip_dense,0.1
advancedV1_multiscale_extratrees,VTEST_S00.csv,VTEST_S00,113.9166700000001,0.0,19.99999999999998,hampel+savgol+pchip_dense,0.1
advancedV1_multiscale_extratrees,VTEST_S00.csv,VTEST_S00,114.0166700000001,0.0,14.608912316329828,hampel+savgol+pchip_dense,0.1
advancedV1_multiscale_extratrees,VTEST_S00.csv,VTEST_S00,114.1166700000001,0.0,0.0,hampel+savgol+pchip_dense,0.1
advancedV1_multiscale_extratrees,VTEST_S00.csv,VTEST_S00,114.21667000000011,0.0,0.0,hampel+savgol+pchip_dense,0.1
advancedV1_multiscale_extratrees,VTEST_S00.csv,VTEST_S00,114.3166700000001,0.0,0.0,hampel+savgol+pchip_dense,0.1
advancedV1_multiscale_extratrees,VTEST_S00.csv,VTEST_S00,114.4166700000001,0.0,0.0,hampel+savgol+pchip_dense,0.1
advancedV1_multiscale_extratrees,VTEST_S00.csv,VTEST_S00,114.5166700000001,0.0,0.0,hampel+savgol+pchip_dense,0.1
advancedV1_multiscale_extratrees,VTEST_S00.csv,VTEST_S00,114.6166700000001,0.0,0.0,hampel+savgol+pchip_dense,0.1
advancedV1_multiscale_extratrees,VTEST_S00.csv,VTEST_S00,114.71667000000011,0.0,0.0,hampel+savgol+pchip_dense,0.1
advancedV1_multiscale_extratrees,VTEST_S00.csv,VTEST_S00,114.8166700000001,0.0,0.0,hampel+savgol+pchip_dense,0.1
advancedV1_multiscale_extratrees,VTEST_S00.csv,VTEST_S00,114.9166700000001,0.0,0.0,hampel+savgol+pchip_dense,0.1
advancedV1_multiscale_extratrees,VTEST_S00.csv,VTEST_S00,115.0166700000001,0.0,0.0,hampel+savgol+pchip_dense,0.1
advancedV1_multiscale_extratrees,VTEST_S00.csv,VTEST_S00,115.1166700000001,0.0,0.0,hampel+savgol+pchip_dense,0.1
advancedV1_multiscale_extratrees,VTEST_S00.csv,VTEST_S00,115.21667000000011,0.0,0.0,hampel+savgol+pchip_dense,0.1
advancedV1_multiscale_extratrees,VTEST_S00.csv,VTEST_S00,115.3166700000001,0.0,0.0,hampel+savgol+pchip_dense,0.1
advancedV1_multiscale_extratrees,VTEST_S00.csv,VTEST_S00,115.4166700000001,0.0,0.0,hampel+savgol+pchip_dense,0.1
advancedV1_multiscale_extratrees,VTEST_S00.csv,VTEST_S00,115.5166700000001,0.0,0.0,hampel+savgol+pchip_dense,0.1
advancedV1_multiscale_extratrees,VTEST_S00.csv,VTEST_S00,115.6166700000001,0.0,0.0,hampel+savgol+pchip_dense,0.1
advancedV1_multiscale_extratrees,VTEST_S00.csv,VTEST_S00,115.71667000000011,0.0,0.0,hampel+savgol+pchip_dense,0.1
advancedV1_multiscale_extratrees,VTEST_S00.csv,VTEST_S00,115.8166700000001,0.0,0.0,hampel+savgol+pchip_dense,0.1
advancedV1_multiscale_extratrees,VTEST_S00.csv,VTEST_S00,115.9166700000001,0.0,0.0,hampel+savgol+pchip_dense,0.1
advancedV1_multiscale_extratrees,VTEST_S00.csv,VTEST_S00,116.0166700000001,0.0,0.0,hampel+savgol+pchip_dense,0.1
advancedV1_multiscale_extratrees,VTEST_S00.csv,VTEST_S00,116.1166700000001,0.0,0.0,hampel+savgol+pchip_dense,0.1
advancedV1_multiscale_extratrees,VTEST_S00.csv,VTEST_S00,116.21667000000011,0.0,0.0,hampel+savgol+pchip_dense,0.1
advancedV1_multiscale_extratrees,VTEST_S00.csv,VTEST_S00,116.3166700000001,0.0,0.0,hampel+savgol+pchip_dense,0.1
advancedV1_multiscale_extratrees,VTEST_S00.csv,VTEST_S00,116.4166700000001,0.0,0.0,hampel+savgol+pchip_dense,0.1
advancedV1_multiscale_extratrees,VTEST_S00.csv,VTEST_S00,116.5166700000001,0.0,0.0,hampel+savgol+pchip_dense,0.1
advancedV1_multiscale_extratrees,VTEST_S00.csv,VTEST_S00,116.6166700000001,0.0,0.0,hampel+savgol+pchip_dense,0.1
advancedV1_multiscale_extratrees,VTEST_S00.csv,VTEST_S00,116.71667000000011,0.0,0.0,hampel+savgol+pchip_dense,0.1
advancedV1_multiscale_extratrees,VTEST_S00.csv,VTEST_S00,116.8166700000001,0.0,0.0,hampel+savgol+pchip_dense,0.1
advancedV1_multiscale_extratrees,VTEST_S00.csv,VTEST_S00,116.91667000000011,0.0,0.0,hampel+savgol+pchip_dense,0.1
advancedV1_multiscale_extratrees,VTEST_S00.csv,VTEST_S00,117.0166700000001,0.0,0.0,hampel+savgol+pchip_dense,0.1
advancedV1_multiscale_extratrees,VTEST_S00.csv,VTEST_S00,117.1166700000001,0.0,0.0,hampel+savgol+pchip_dense,0.1
advancedV1_multiscale_extratrees,VTEST_S00.csv,VTEST_S00,117.21667000000011,0.0,0.0,hampel+savgol+pchip_dense,0.1
advancedV1_multiscale_extratrees,VTEST_S00.csv,VTEST_S00,117.3166700000001,0.0,0.0,hampel+savgol+pchip_dense,0.1
advancedV1_multiscale_extratrees,VTEST_S00.csv,VTEST_S00,117.41667000000011,0.0,0.0,hampel+savgol+pchip_dense,0.1
advancedV1_multiscale_extratrees,VTEST_S00.csv,VTEST_S00,117.5166700000001,0.0,0.0,hampel+savgol+pchip_dense,0.1
advancedV1_multiscale_extratrees,VTEST_S00.csv,VTEST_S00,117.6166700000001,0.0,0.0,hampel+savgol+pchip_dense,0.1
advancedV1_multiscale_extratrees,VTEST_S00.csv,VTEST_S00,117.71667000000011,0.0,0.0,hampel+savgol+pchip_dense,0.1
advancedV1_multiscale_extratrees,VTEST_S00.csv,VTEST_S00,117.8166700000001,0.0,0.0,hampel+savgol+pchip_dense,0.1
advancedV1_multiscale_extratrees,VTEST_S00.csv,VTEST_S00,117.91667000000011,0.0,0.0,hampel+savgol+pchip_dense,0.1
advancedV1_multiscale_extratrees,VTEST_S00.csv,VTEST_S00,118.0166700000001,0.0,0.0,hampel+savgol+pchip_dense,0.1
advancedV1_multiscale_extratrees,VTEST_S00.csv,VTEST_S00,118.1166700000001,0.0,0.0,hampel+savgol+pchip_dense,0.1
advancedV1_multiscale_extratrees,VTEST_S00.csv,VTEST_S00,118.21667000000011,0.0,0.0,hampel+savgol+pchip_dense,0.1
advancedV1_multiscale_extratrees,VTEST_S00.csv,VTEST_S00,118.3166700000001,0.0,0.0,hampel+savgol+pchip_dense,0.1
advancedV1_multiscale_extratrees,VTEST_S00.csv,VTEST_S00,118.41667000000011,0.0,0.0,hampel+savgol+pchip_dense,0.1
advancedV1_multiscale_extratrees,VTEST_S00.csv,VTEST_S00,118.5166700000001,0.0,0.0,hampel+savgol+pchip_dense,0.1
advancedV1_multiscale_extratrees,VTEST_S00.csv,VTEST_S00,118.6166700000001,0.0,0.0,hampel+savgol+pchip_dense,0.1
advancedV1_multiscale_extratrees,VTEST_S00.csv,VTEST_S00,118.71667000000011,0.0,0.0,hampel+savgol+pchip_dense,0.1
advancedV1_multiscale_extratrees,VTEST_S00.csv,VTEST_S00,118.8166700000001,0.0,0.0,hampel+savgol+pchip_dense,0.1
advancedV1_multiscale_extratrees,VTEST_S00.csv,VTEST_S00,118.91667000000011,0.0,0.0,hampel+savgol+pchip_dense,0.1
advancedV1_multiscale_extratrees,VTEST_S00.csv,VTEST_S00,119.0166700000001,0.0,0.0,hampel+savgol+pchip_dense,0.1
advancedV1_multiscale_extratrees,VTEST_S00.csv,VTEST_S00,119.1166700000001,0.0,0.0,hampel+savgol+pchip_dense,0.1
advancedV1_multiscale_extratrees,VTEST_S00.csv,VTEST_S00,119.21667000000011,0.0,0.0,hampel+savgol+pchip_dense,0.1
advancedV1_multiscale_extratrees,VTEST_S00.csv,VTEST_S00,119.3166700000001,0.0,0.0,hampel+savgol+pchip_dense,0.1
advancedV1_multiscale_extratrees,VTEST_S00.csv,VTEST_S00,119.41667000000011,0.0,0.0,hampel+savgol+pchip_dense,0.1
advancedV1_multiscale_extratrees,VTEST_S00.csv,VTEST_S00,119.5166700000001,0.0,0.0,hampel+savgol+pchip_dense,0.1
advancedV1_multiscale_extratrees,VTEST_S00.csv,VTEST_S00,119.6166700000001,0.0,0.0,hampel+savgol+pchip_dense,0.1
advancedV1_multiscale_extratrees,VTEST_S00.csv,VTEST_S00,119.71667000000011,0.0,0.0,hampel+savgol+pchip_dense,0.1
advancedV1_multiscale_extratrees,VTEST_S00.csv,VTEST_S00,119.8166700000001,0.0,0.0,hampel+savgol+pchip_dense,0.1
advancedV1_multiscale_extratrees,VTEST_S00.csv,VTEST_S00,119.91667000000011,0.0,0.0,hampel+savgol+pchip_dense,0.1
advancedV1_multiscale_extratrees,VTEST_S00.csv,VTEST_S00,120.0166700000001,0.0,0.0,hampel+savgol+pchip_dense,0.1
advancedV1_multiscale_extratrees,VTEST_S00.csv,VTEST_S00,120.1166700000001,0.0,0.0,hampel+savgol+pchip_dense,0.1
advancedV1_multiscale_extratrees,VTEST_S00.csv,VTEST_S00,120.21667000000011,0.0,0.0,hampel+savgol+pchip_dense,0.1
advancedV1_multiscale_extratrees,VTEST_S00.csv,VTEST_S00,120.3166700000001,0.0,0.0,hampel+savgol+pchip_dense,0.1
advancedV1_multiscale_extratrees,VTEST_S00.csv,VTEST_S00,120.41667000000011,0.0,0.0,hampel+savgol+pchip_dense,0.1
advancedV1_multiscale_extratrees,VTEST_S00.csv,VTEST_S00,120.5166700000001,0.0,0.0,hampel+savgol+pchip_dense,0.1
advancedV1_multiscale_extratrees,VTEST_S00.csv,VTEST_S00,120.61667000000011,0.0,0.0,hampel+savgol+pchip_dense,0.1
advancedV1_multiscale_extratrees,VTEST_S00.csv,VTEST_S00,120.71667000000011,0.0,0.0,hampel+savgol+pchip_dense,0.1
advancedV1_multiscale_extratrees,VTEST_S00.csv,VTEST_S00,120.8166700000001,0.0,0.0,hampel+savgol+pchip_dense,0.1
advancedV1_multiscale_extratrees,VTEST_S00.csv,VTEST_S00,120.91667000000011,0.0,0.0,hampel+savgol+pchip_dense,0.1
advancedV1_multiscale_extratrees,VTEST_S00.csv,VTEST_S00,121.0166700000001,0.0,0.0,hampel+savgol+pchip_dense,0.1
advancedV1_multiscale_extratrees,VTEST_S00.csv,VTEST_S00,121.11667000000011,0.0,0.0,hampel+savgol+pchip_dense,0.1
advancedV1_multiscale_extratrees,VTEST_S00.csv,VTEST_S00,121.21667000000011,0.0,0.0,hampel+savgol+pchip_dense,0.1
advancedV1_multiscale_extratrees,VTEST_S00.csv,VTEST_S00,121.3166700000001,0.0,0.0,hampel+savgol+pchip_dense,0.1
advancedV1_multiscale_extratrees,VTEST_S00.csv,VTEST_S00,121.41667000000011,0.0,0.0,hampel+savgol+pchip_dense,0.1
advancedV1_multiscale_extratrees,VTEST_S00.csv,VTEST_S00,121.5166700000001,0.0,0.0,hampel+savgol+pchip_dense,0.1
advancedV1_multiscale_extratrees,VTEST_S00.csv,VTEST_S00,121.61667000000011,0.0,0.0,hampel+savgol+pchip_dense,0.1
advancedV1_multiscale_extratrees,VTEST_S00.csv,VTEST_S00,121.71667000000011,0.0,0.0,hampel+savgol+pchip_dense,0.1
advancedV1_multiscale_extratrees,VTEST_S00.csv,VTEST_S00,121.8166700000001,0.0,0.0,hampel+savgol+pchip_dense,0.1
advancedV1_multiscale_extratrees,VTEST_S00.csv,VTEST_S00,121.91667000000011,0.0,0.0,hampel+savgol+pchip_dense,0.1
advancedV1_multiscale_extratrees,VTEST_S00.csv,VTEST_S00,122.0166700000001,0.0,0.0,hampel+savgol+pchip_dense,0.1
advancedV1_multiscale_extratrees,VTEST_S00.csv,VTEST_S00,122.11667000000011,0.0,0.0,hampel+savgol+pchip_dense,0.1
advancedV1_multiscale_extratrees,VTEST_S00.csv,VTEST_S00,122.21667000000011,0.0,0.0,hampel+savgol+pchip_dense,0.1
advancedV1_multiscale_extratrees,VTEST_S00.csv,VTEST_S00,122.3166700000001,0.0,0.0,hampel+savgol+pchip_dense,0.1
advancedV1_multiscale_extratrees,VTEST_S00.csv,VTEST_S00,122.41667000000011,0.0,0.0,hampel+savgol+pchip_dense,0.1
advancedV1_multiscale_extratrees,VTEST_S00.csv,VTEST_S00,122.5166700000001,0.0,0.0,hampel+savgol+pchip_dense,0.1
advancedV1_multiscale_extratrees,VTEST_S00.csv,VTEST_S00,122.61667000000011,0.0,0.0,hampel+savgol+pchip_dense,0.1
advancedV1_multiscale_extratrees,VTEST_S00.csv,VTEST_S00,122.71667000000011,0.0,0.0,hampel+savgol+pchip_dense,0.1
advancedV1_multiscale_extratrees,VTEST_S00.csv,VTEST_S00,122.8166700000001,0.0,0.0,hampel+savgol+pchip_dense,0.1
advancedV1_multiscale_extratrees,VTEST_S00.csv,VTEST_S00,122.91667000000011,0.0,0.0,hampel+savgol+pchip_dense,0.1
advancedV1_multiscale_extratrees,VTEST_S00.csv,VTEST_S00,123.0166700000001,0.0,0.0,hampel+savgol+pchip_dense,0.1
advancedV1_multiscale_extratrees,VTEST_S00.csv,VTEST_S00,123.11667000000011,0.0,0.0,hampel+savgol+pchip_dense,0.1
advancedV1_multiscale_extratrees,VTEST_S00.csv,VTEST_S00,123.21667000000011,0.0,0.0,hampel+savgol+pchip_dense,0.1
advancedV1_multiscale_extratrees,VTEST_S00.csv,VTEST_S00,123.31667000000012,0.0,0.0,hampel+savgol+pchip_dense,0.1
advancedV1_multiscale_extratrees,VTEST_S00.csv,VTEST_S00,123.41667000000011,0.0,0.0,hampel+savgol+pchip_dense,0.1
advancedV1_multiscale_extratrees,VTEST_S00.csv,VTEST_S00,123.5166700000001,0.0,0.0,hampel+savgol+pchip_dense,0.1
advancedV1_multiscale_extratrees,VTEST_S00.csv,VTEST_S00,123.61667000000011,0.0,0.0,hampel+savgol+pchip_dense,0.1
advancedV1_multiscale_extratrees,VTEST_S00.csv,VTEST_S00,123.71667000000011,0.0,0.0,hampel+savgol+pchip_dense,0.1
advancedV1_multiscale_extratrees,VTEST_S00.csv,VTEST_S00,123.81667000000012,0.0,0.0,hampel+savgol+pchip_dense,0.1
advancedV1_multiscale_extratrees,VTEST_S00.csv,VTEST_S00,123.91667000000011,0.0,0.0,hampel+savgol+pchip_dense,0.1
advancedV1_multiscale_extratrees,VTEST_S00.csv,VTEST_S00,124.0166700000001,0.0,0.0,hampel+savgol+pchip_dense,0.1
advancedV1_multiscale_extratrees,VTEST_S00.csv,VTEST_S00,124.11667000000011,0.0,0.0,hampel+savgol+pchip_dense,0.1
advancedV1_multiscale_extratrees,VTEST_S00.csv,VTEST_S00,124.21667000000011,0.0,0.0,hampel+savgol+pchip_dense,0.1
advancedV1_multiscale_extratrees,VTEST_S00.csv,VTEST_S00,124.31667000000012,20.348098097943655,0.0,hampel+savgol+pchip_dense,0.1
advancedV1_multiscale_extratrees,VTEST_S00.csv,VTEST_S00,124.41667000000011,19.999999999999982,0.0,hampel+savgol+pchip_dense,0.1
advancedV1_multiscale_extratrees,VTEST_S00.csv,VTEST_S00,124.5166700000001,19.999999999999982,0.0,hampel+savgol+pchip_dense,0.1
advancedV1_multiscale_extratrees,VTEST_S00.csv,VTEST_S00,124.61667000000011,19.999999999999982,0.0,hampel+savgol+pchip_dense,0.1
advancedV1_multiscale_extratrees,VTEST_S00.csv,VTEST_S00,124.71667000000011,19.999999999999982,0.0,hampel+savgol+pchip_dense,0.1
advancedV1_multiscale_extratrees,VTEST_S00.csv,VTEST_S00,124.81667000000012,19.999999999999982,0.0,hampel+savgol+pchip_dense,0.1
advancedV1_multiscale_extratrees,VTEST_S00.csv,VTEST_S00,124.91667000000011,19.999999999999982,0.0,hampel+savgol+pchip_dense,0.1
